explorerTitle	COVID-19 Data Explorer
isPublished	true
googleSheet	https://docs.google.com/spreadsheets/d/1qeXBgckrktxwrJp2V9NCG9CeDEufAC-nzYYjj6o1vlU/edit?usp=sharing
selection	India	United States	Italy	United Kingdom	Germany	Canada
explorerSubtitle	Download the complete <em>Our World in Data</em> <a href="https://github.com/owid/covid-19-data/tree/master/public/data" target="_blank" rel="noopener noreferrer">COVID-19 dataset.</a>
hideAlertBanner	true
subNavId	coronavirus
subNavCurrentId	data-explorer
hasMapTab	true
yAxisMin	0
downloadDataLink	https://covid.ourworldindata.org/data/owid-covid-data.csv
thumbnail	https://ourworldindata.org/coronavirus-data-explorer.png
hideTitleAnnotation	true
pickerColumnSlugs	location population population_density median_age aged_65_older aged_70_older gdp_per_capita extreme_poverty human_development_index hospital_beds_per_thousand stringency_index life_expectancy total_vaccinations total_vaccinations_per_hundred new_vaccinations_smoothed new_vaccinations_smoothed_per_hundred total_deaths total_deaths_per_million new_deaths_smoothed new_deaths_smoothed_per_million total_cases total_cases_per_million new_cases_smoothed new_cases_smoothed_per_million total_tests total_tests_per_thousand new_tests_smoothed new_tests_smoothed_per_thousand cfr positive_rate_filtered tests_per_case_smoothed_filtered_gt_1
graphers
	title	subtitle	Metric Dropdown	Interval Dropdown	Relative to Population Checkbox	Align outbreaks Checkbox	ySlugs	yScaleToggle	xSlug	colorSlug	type	tableSlug
	Cumulative confirmed COVID-19 cases per million people	The number of confirmed cases is lower than the number of actual cases; the main reason for that is limited testing.	Confirmed cases	Cumulative	true	false	total_cases_per_million	true			LineChart	cases-tests
	Cumulative confirmed COVID-19 cases per million people	The number of confirmed cases is lower than the number of actual cases; the main reason for that is limited testing.	Confirmed cases	Cumulative	true	true	total_cases_per_million	true	days_since_1_case_per_million	positive_rate_percent	ScatterPlot	cases-tests
	Cumulative confirmed COVID-19 cases	The number of confirmed cases is lower than the number of actual cases; the main reason for that is limited testing.	Confirmed cases	Cumulative	false	true	total_cases	true	days_since_100_cases	positive_rate_percent	ScatterPlot	cases-tests
	Cumulative confirmed COVID-19 cases	The number of confirmed cases is lower than the number of actual cases; the main reason for that is limited testing.	Confirmed cases	Cumulative	false	false	total_cases	true			LineChart	cases-tests
	Daily new confirmed COVID-19 cases per million people	Shown is the rolling 7-day average. The number of confirmed cases is lower than the number of actual cases; the main reason for that is limited testing.	Confirmed cases	7-day rolling average	true	true	new_cases_smoothed_per_million_gt_0	true	days_since_1_case_per_million	positive_rate_percent	ScatterPlot	cases-tests
	Daily new confirmed COVID-19 cases per million people	Shown is the rolling 7-day average. The number of confirmed cases is lower than the number of actual cases; the main reason for that is limited testing.	Confirmed cases	7-day rolling average	true	false	new_cases_smoothed_per_million_gt_0	true			LineChart	cases-tests
	Daily new confirmed COVID-19 cases	Shown is the rolling 7-day average. The number of confirmed cases is lower than the number of actual cases; the main reason for that is limited testing.	Confirmed cases	7-day rolling average	false	true	new_cases_smoothed_gt_0	true	days_since_30_cases_per_day	positive_rate_percent	ScatterPlot	cases-tests
	Daily new confirmed COVID-19 cases	Shown is the rolling 7-day average. The number of confirmed cases is lower than the number of actual cases; the main reason for that is limited testing.	Confirmed cases	7-day rolling average	false	false	new_cases_smoothed_gt_0	true			LineChart	cases-tests
	Daily new confirmed COVID-19 cases per million people	The number of confirmed cases is lower than the number of actual cases; the main reason for that is limited testing.	Confirmed cases	New per day	true	true	new_cases_per_million	true	days_since_1_case_per_million	positive_rate_percent	ScatterPlot	cases-tests
	Daily new confirmed COVID-19 cases per million people	The number of confirmed cases is lower than the number of actual cases; the main reason for that is limited testing.	Confirmed cases	New per day	true	false	new_cases_per_million	true			LineChart	cases-tests
	Daily new confirmed COVID-19 cases	The number of confirmed cases is lower than the number of actual cases; the main reason for that is limited testing.	Confirmed cases	New per day	false	true	new_cases	true	days_since_30_cases_per_day	positive_rate_percent	ScatterPlot	cases-tests
	Daily new confirmed COVID-19 cases	The number of confirmed cases is lower than the number of actual cases; the main reason for that is limited testing.	Confirmed cases	New per day	false	false	new_cases	true			LineChart	cases-tests
	Weekly confirmed COVID-19 cases	Weekly confirmed cases refer to the cumulative number of confirmed cases over the previous week.	Confirmed cases	Weekly	false	false	weekly_cases	true			LineChart	cases-tests
	Week by week change of confirmed COVID-19 cases	The weekly growth rate on any given date measures the percentage change in number of confirmed cases over the last seven days relative to the number in the previous seven days.	Confirmed cases	Weekly change	false	false	weekly_cases_change	true			LineChart	cases-tests
	Biweekly confirmed COVID-19 cases	Biweekly confirmed cases refer to the cumulative number of confirmed cases over the previous two weeks.	Confirmed cases	Biweekly	false	false	biweekly_cases	true			LineChart	cases-tests
	Biweekly change of confirmed COVID-19 cases	The biweekly growth rate on any given date measures the percentage change in the number of new confirmed cases over the last 14 days relative to the number in the previous 14 days.	Confirmed cases	Biweekly change	false	false	biweekly_cases_change	true			LineChart	cases-tests
	Estimate of the effective reproduction rate (R) of COVID-19	The reproduction rate represents the average number of new infections caused by a single infected individual. If the rate is greater than 1, the infection is able to spread in the population. If it is below 1, the number of cases occurring in the population will gradually decrease to zero.	Reproduction rate	7-day rolling average	false	false	reproduction_rate	true			LineChart	cases-tests
	Cumulative confirmed COVID-19 deaths per million people	Limited testing and challenges in the attribution of the cause of death means that the number of confirmed deaths may not be an accurate count of the true number of deaths from COVID-19.	Confirmed deaths	Cumulative	true	true	total_deaths_per_million	true	days_since_point_1_death_per_million	continent	ScatterPlot	deaths
	Cumulative confirmed COVID-19 deaths per million people	Limited testing and challenges in the attribution of the cause of death means that the number of confirmed deaths may not be an accurate count of the true number of deaths from COVID-19.	Confirmed deaths	Cumulative	true	false	total_deaths_per_million	true			LineChart	deaths
	Cumulative confirmed COVID-19 deaths	Limited testing and challenges in the attribution of the cause of death means that the number of confirmed deaths may not be an accurate count of the true number of deaths from COVID-19.	Confirmed deaths	Cumulative	false	true	total_deaths	true	days_since_5_deaths	continent	ScatterPlot	deaths
	Cumulative confirmed COVID-19 deaths	Limited testing and challenges in the attribution of the cause of death means that the number of confirmed deaths may not be an accurate count of the true number of deaths from COVID-19.	Confirmed deaths	Cumulative	false	false	total_deaths	true			LineChart	deaths
	Daily new confirmed COVID-19 deaths per million people	Shown is the rolling 7-day average. Limited testing and challenges in the attribution of the cause of death means that the number of confirmed deaths may not be an accurate count of the true number of deaths from COVID-19.	Confirmed deaths	7-day rolling average	true	true	new_deaths_smoothed_per_million_gt_0	true	days_since_point_1_death_per_million	continent	ScatterPlot	deaths
	Daily new confirmed COVID-19 deaths per million people	Shown is the rolling 7-day average. Limited testing and challenges in the attribution of the cause of death means that the number of confirmed deaths may not be an accurate count of the true number of deaths from COVID-19.	Confirmed deaths	7-day rolling average	true	false	new_deaths_smoothed_per_million_gt_0	true			LineChart	deaths
	Daily new confirmed COVID-19 deaths	Shown is the rolling 7-day average. Limited testing and challenges in the attribution of the cause of death means that the number of confirmed deaths may not be an accurate count of the true number of deaths from COVID-19.	Confirmed deaths	7-day rolling average	false	true	new_deaths_smoothed_gt_0	true	days_since_5_daily_deaths	continent	ScatterPlot	deaths
	Daily new confirmed COVID-19 deaths	Shown is the rolling 7-day average. Limited testing and challenges in the attribution of the cause of death means that the number of confirmed deaths may not be an accurate count of the true number of deaths from COVID-19.	Confirmed deaths	7-day rolling average	false	false	new_deaths_smoothed_gt_0	true			LineChart	deaths
	Daily new confirmed COVID-19 deaths per million people	Limited testing and challenges in the attribution of the cause of death means that the number of confirmed deaths may not be an accurate count of the true number of deaths from COVID-19.	Confirmed deaths	New per day	true	true	new_deaths_per_million	true	days_since_point_1_death_per_million	continent	ScatterPlot	deaths
	Daily new confirmed COVID-19 deaths per million people	Limited testing and challenges in the attribution of the cause of death means that the number of confirmed deaths may not be an accurate count of the true number of deaths from COVID-19.	Confirmed deaths	New per day	true	false	new_deaths_per_million	true			LineChart	deaths
	Daily new confirmed COVID-19 deaths	Limited testing and challenges in the attribution of the cause of death means that the number of confirmed deaths may not be an accurate count of the true number of deaths from COVID-19.	Confirmed deaths	New per day	false	true	new_deaths	true	days_since_5_daily_deaths	continent	ScatterPlot	deaths
	Daily new confirmed COVID-19 deaths	Limited testing and challenges in the attribution of the cause of death means that the number of confirmed deaths may not be an accurate count of the true number of deaths from COVID-19.	Confirmed deaths	New per day	false	false	new_deaths	true			LineChart	deaths
	Weekly confirmed COVID-19 deaths	Weekly confirmed deaths refer to the cumulative number of confirmed deaths over the previous week.	Confirmed deaths	Weekly	false	false	weekly_deaths	true			LineChart	deaths
	Week by week change of confirmed COVID-19 deaths	The weekly growth rate on any given date measures the percentage change in number of confirmed deaths over the last seven days relative to the number in the previous seven days.	Confirmed deaths	Weekly change	false	false	weekly_deaths_change	true			LineChart	deaths
	Biweekly confirmed COVID-19 deaths	Biweekly confirmed deaths refer to the cumulative number of confirmed deaths over the previous two weeks.	Confirmed deaths	Biweekly	false	false	biweekly_deaths	true			LineChart	deaths
	Biweekly change of confirmed COVID-19 deaths	The biweekly growth rate on any given date measures the percentage change in the number of new confirmed deaths over the last 14 days relative to the number in the previous 14 days.	Confirmed deaths	Biweekly change	false	false	biweekly_deaths_change	true			LineChart	deaths
	Case fatality rate of the ongoing COVID-19 pandemic	The Case Fatality Rate (CFR) is the ratio between confirmed deaths and confirmed cases. During an outbreak of a pandemic the CFR is a poor measure of the mortality risk of the disease. We explain this in detail at OurWorldInData.org/Coronavirus	Case fatality rate	Cumulative	false	false	cfr	true			LineChart	deaths
	Cumulative COVID-19 tests per 1,000 people		Tests	Cumulative	true	true	total_tests_per_thousand	true	days_since_point_1_death_per_million	positive_rate_percent	ScatterPlot	cases-tests
	Cumulative COVID-19 tests per 1,000 people		Tests	Cumulative	true	false	total_tests_per_thousand	true			LineChart	cases-tests
	Cumulative COVID-19 tests		Tests	Cumulative	false	true	total_tests	true	days_since_point_1_death_per_million	positive_rate_percent	ScatterPlot	cases-tests
	Cumulative COVID-19 tests		Tests	Cumulative	false	false	total_tests	true			LineChart	cases-tests
	Daily new COVID-19 tests per 1,000 people		Tests	7-day rolling average	true	true	new_tests_smoothed_per_thousand	true	days_since_point_1_death_per_million	positive_rate_percent	ScatterPlot	cases-tests
	Daily new COVID-19 tests per 1,000 people		Tests	7-day rolling average	true	false	new_tests_smoothed_per_thousand	true			LineChart	cases-tests
	Daily new COVID-19 tests		Tests	7-day rolling average	false	true	new_tests_smoothed	true	days_since_point_1_death_per_million	positive_rate_percent	ScatterPlot	cases-tests
	Daily new COVID-19 tests		Tests	7-day rolling average	false	false	new_tests_smoothed	true			LineChart	cases-tests
	Daily new COVID-19 tests per 1,000 people		Tests	New per day	true	true	new_tests_per_thousand	true	days_since_point_1_death_per_million	positive_rate_percent	ScatterPlot	cases-tests
	Daily new COVID-19 tests per 1,000 people		Tests	New per day	true	false	new_tests_per_thousand	true			LineChart	cases-tests
	Daily new COVID-19 tests		Tests	New per day	false	true	new_tests	true	days_since_point_1_death_per_million	positive_rate_percent	ScatterPlot	cases-tests
	Daily new COVID-19 tests		Tests	New per day	false	false	new_tests	true			LineChart	cases-tests
	Tests conducted per confirmed case of COVID-19	Shown is the rolling 7-day average. The number of tests divided by the number of confirmed cases. Not all countries report testing data on a daily basis.	Tests per case	7-day rolling average	false	false	tests_per_case	true			LineChart	cases-tests
	The share of daily COVID-19 tests that are positive	Shown is the rolling 7-day average. The number of confirmed cases divided by the number of tests, expressed as a percentage. Tests may refer to the number of tests performed or the number of people tested – depending on which is reported by the particular country.	Share of positive tests	7-day rolling average	false	false	positive_rate_percent	true			LineChart	cases-tests
	COVID-19 vaccine doses administered	Total number of vaccination doses administered. This is counted as a single dose, and may not equal the total number of people vaccinated, depending on the specific dose regime (e.g. people receive multiple doses).	Vaccine doses	Cumulative	false	false	total_vaccinations	true			LineChart	vaccinations
	COVID-19 vaccine doses administered per 100 people	Total number of vaccination doses administered per 100 people in the total population. This is counted as a single dose, and may not equal the total number of people vaccinated, depending on the specific dose regime (e.g. people receive multiple doses).	Vaccine doses	Cumulative	true	false	total_vaccinations_per_hundred	true			LineChart	vaccinations
	Daily COVID-19 vaccine doses administered	This is counted as a single dose, and may not equal the total number of people vaccinated, depending on the specific dose regime (e.g. people receive multiple doses).	Vaccine doses	New per day	false	false	new_vaccinations	true			LineChart	vaccinations
	Daily COVID-19 vaccine doses administered per 100 people	This is counted as a single dose, and may not equal the total number of people vaccinated, depending on the specific dose regime (e.g. people receive multiple doses).	Vaccine doses	New per day	true	false	new_vaccinations_per_hundred	true			LineChart	vaccinations
	Daily COVID-19 vaccine doses administered	Shown is the rolling 7-day average. This is counted as a single dose, and may not equal the total number of people vaccinated, depending on the specific dose regime (e.g. people receive multiple doses).	Vaccine doses	7-day rolling average	false	false	new_vaccinations_smoothed	true			LineChart	vaccinations
	Daily COVID-19 vaccine doses administered per 100 people	Shown is the rolling 7-day average per 100 people in the total population. This is counted as a single dose, and may not equal the total number of people vaccinated, depending on the specific dose regime (e.g. people receive multiple doses).	Vaccine doses	7-day rolling average	true	false	new_vaccinations_smoothed_per_hundred	true			LineChart	vaccinations
	Number of people who received at least one dose of COVID-19 vaccine	Total number of people who received at least one vaccine dose. This may not equal the number of people that are fully vaccinated if the vaccine requires two doses.	People vaccinated	Cumulative	false	false	people_vaccinated	true			LineChart	vaccinations
	Number of people fully vaccinated against COVID-19	Total number of people who received all doses prescribed by the vaccination protocol. This data is only available for countries which report the breakdown of doses administered by first and second doses.	People fully vaccinated	Cumulative	false	false	people_fully_vaccinated	true			LineChart	vaccinations
	Number of people vaccinated against COVID-19	This data is only available for countries which report the breakdown of doses administered by first and second doses.	People vaccinated (by dose)	Cumulative	false	false	people_fully_vaccinated people_partly_vaccinated	false			StackedDiscreteBar	vaccinations
	Share of people who received at least one dose of COVID-19 vaccine	Share of the total population that received at least one vaccine dose. This may not equal the share that are fully vaccinated if the vaccine requires two doses.	People vaccinated	Cumulative	true	false	people_vaccinated_per_hundred	true			LineChart	vaccinations
	Share of the population fully vaccinated against COVID-19	Share of the total population that have received all doses prescribed by the vaccination protocol. This data is only available for countries which report the breakdown of doses administered by first and second doses.	People fully vaccinated	Cumulative	true	false	people_fully_vaccinated_per_hundred	true			LineChart	vaccinations
	Share of people vaccinated against COVID-19	This data is only available for countries which report the breakdown of doses administered by first and second doses.	People vaccinated (by dose)	Cumulative	true	false	people_fully_vaccinated_per_hundred people_partly_vaccinated_per_hundred	false			StackedDiscreteBar	vaccinations

table	https://covid.ourworldindata.org/data/internal/megafile--cases-tests.json	cases-tests
columns	cases-tests
	slug	name	type	transform	annotationsColumnSlug	sourceName	sourceLink	dataPublishedBy	dataPublisherSource	retrievedDate	additionalInfo	tolerance	colorScaleNumericMinValue	colorScaleNumericBins	colorScaleLegendDescription	colorScaleNoDataLabel	colorScaleEqualSizeBins	colorScaleScheme	colorScaleInvert	colorScaleCategoricalBins
	location	Country name	EntityName
	date	Day	Date
	total_cases	Total cases	Integer			Johns Hopkins University CSSE COVID-19 Data	https://github.com/CSSEGISandData/COVID-19	COVID-19 Data Repository by the Center for Systems Science and Engineering (CSSE) at Johns Hopkins University			<p>Raw data on confirmed cases and deaths for all countries is sourced from the <a href="https://github.com/CSSEGISandData/COVID-19">COVID-19 Data Repository by the Center for Systems Science and Engineering (CSSE) at Johns Hopkins University</a>. </p><p>Our complete COVID-19 dataset is a collection of the COVID-19 data maintained by <em>Our World in Data</em>. <strong>It is updated daily</strong> and includes data on confirmed cases, deaths, hospitalizations, and testing.</p><p>We have created a new description of all our data sources. You find it at our GitHub repository <strong><a href="https://github.com/owid/covid-19-data/tree/master/public/data/">here</a></strong>. There you can download all of our data.</p>	2		1,#58888f,none;50,,;100,,;10000,,;100000,,;500000,,;1000000,,;5000000,,;10000000,,			true	Reds
	total_cases_per_million	Total cases (per 1M)	Ratio			Johns Hopkins University CSSE COVID-19 Data	https://github.com/CSSEGISandData/COVID-19	COVID-19 Data Repository by the Center for Systems Science and Engineering (CSSE) at Johns Hopkins University			<p>Raw data on confirmed cases and deaths for all countries is sourced from the <a href="https://github.com/CSSEGISandData/COVID-19">COVID-19 Data Repository by the Center for Systems Science and Engineering (CSSE) at Johns Hopkins University</a>. </p><p>Our complete COVID-19 dataset is a collection of the COVID-19 data maintained by <em>Our World in Data</em>. <strong>It is updated daily</strong> and includes data on confirmed cases, deaths, hospitalizations, and testing.</p><p>We have created a new description of all our data sources. You find it at our GitHub repository <strong><a href="https://github.com/owid/covid-19-data/tree/master/public/data/">here</a></strong>. There you can download all of our data.</p>	2		10,,;100,,;500,,;1000,,;5000,,;10000,,;20000,,;40000,,;80000,,			true	PuBu
	new_cases	New cases	Integer			Johns Hopkins University CSSE COVID-19 Data	https://github.com/CSSEGISandData/COVID-19	COVID-19 Data Repository by the Center for Systems Science and Engineering (CSSE) at Johns Hopkins University			<p>Raw data on confirmed cases and deaths for all countries is sourced from the <a href="https://github.com/CSSEGISandData/COVID-19">COVID-19 Data Repository by the Center for Systems Science and Engineering (CSSE) at Johns Hopkins University</a>. </p><p>Our complete COVID-19 dataset is a collection of the COVID-19 data maintained by <em>Our World in Data</em>. <strong>It is updated daily</strong> and includes data on confirmed cases, deaths, hospitalizations, and testing.</p><p>We have created a new description of all our data sources. You find it at our GitHub repository <strong><a href="https://github.com/owid/covid-19-data/tree/master/public/data/">here</a></strong>. There you can download all of our data.</p>	2		10,,;50,,;100,,;500,,;1000,,;5000,,;10000,,;50000,,;100000,,;150000,,			true	BuPu
	new_cases_per_million	New cases (per 1M)	Ratio			Johns Hopkins University CSSE COVID-19 Data	https://github.com/CSSEGISandData/COVID-19	COVID-19 Data Repository by the Center for Systems Science and Engineering (CSSE) at Johns Hopkins University			<p>Raw data on confirmed cases and deaths for all countries is sourced from the <a href="https://github.com/CSSEGISandData/COVID-19">COVID-19 Data Repository by the Center for Systems Science and Engineering (CSSE) at Johns Hopkins University</a>. </p><p>Our complete COVID-19 dataset is a collection of the COVID-19 data maintained by <em>Our World in Data</em>. <strong>It is updated daily</strong> and includes data on confirmed cases, deaths, hospitalizations, and testing.</p><p>We have created a new description of all our data sources. You find it at our GitHub repository <strong><a href="https://github.com/owid/covid-19-data/tree/master/public/data/">here</a></strong>. There you can download all of our data.</p>	2	0	0.5,,;2.5,,;5,,;10,,;50,,;100,,;250,,;500,,;1000,#580202,;4000,#011615,			true	OrRd
	new_cases_smoothed	Daily new confirmed COVID-19 cases	Numeric			Johns Hopkins University CSSE COVID-19 Data	https://github.com/CSSEGISandData/COVID-19	COVID-19 Data Repository by the Center for Systems Science and Engineering (CSSE) at Johns Hopkins University			<p>Raw data on confirmed cases and deaths for all countries is sourced from the <a href="https://github.com/CSSEGISandData/COVID-19">COVID-19 Data Repository by the Center for Systems Science and Engineering (CSSE) at Johns Hopkins University</a>. </p><p>Our complete COVID-19 dataset is a collection of the COVID-19 data maintained by <em>Our World in Data</em>. <strong>It is updated daily</strong> and includes data on confirmed cases, deaths, hospitalizations, and testing.</p><p>We have created a new description of all our data sources. You find it at our GitHub repository <strong><a href="https://github.com/owid/covid-19-data/tree/master/public/data/">here</a></strong>. There you can download all of our data.</p>	2		10,,;50,,;100,,;500,,;1000,,;5000,,;10000,,;50000,,;100000,,;150000,,			true	BuPu
	new_cases_smoothed_gt_0	Daily new confirmed COVID-19 cases	Numeric	new_cases_smoothed where new_cases_smoothed isGreaterThanOrEqual 0		Johns Hopkins University CSSE COVID-19 Data	https://github.com/CSSEGISandData/COVID-19	COVID-19 Data Repository by the Center for Systems Science and Engineering (CSSE) at Johns Hopkins University			<p>Raw data on confirmed cases and deaths for all countries is sourced from the <a href="https://github.com/CSSEGISandData/COVID-19">COVID-19 Data Repository by the Center for Systems Science and Engineering (CSSE) at Johns Hopkins University</a>. </p><p>Our complete COVID-19 dataset is a collection of the COVID-19 data maintained by <em>Our World in Data</em>. <strong>It is updated daily</strong> and includes data on confirmed cases, deaths, hospitalizations, and testing.</p><p>We have created a new description of all our data sources. You find it at our GitHub repository <strong><a href="https://github.com/owid/covid-19-data/tree/master/public/data/">here</a></strong>. There you can download all of our data.</p>	2		10,,;50,,;100,,;500,,;1000,,;5000,,;10000,,;50000,,;100000,,;150000,,			true	BuPu
	new_cases_smoothed_per_million	Daily new confirmed COVID-19 cases (per 1M)	Ratio			Johns Hopkins University CSSE COVID-19 Data	https://github.com/CSSEGISandData/COVID-19	COVID-19 Data Repository by the Center for Systems Science and Engineering (CSSE) at Johns Hopkins University			<p>Raw data on confirmed cases and deaths for all countries is sourced from the <a href="https://github.com/CSSEGISandData/COVID-19">COVID-19 Data Repository by the Center for Systems Science and Engineering (CSSE) at Johns Hopkins University</a>. </p><p>Our complete COVID-19 dataset is a collection of the COVID-19 data maintained by <em>Our World in Data</em>. <strong>It is updated daily</strong> and includes data on confirmed cases, deaths, hospitalizations, and testing.</p><p>We have created a new description of all our data sources. You find it at our GitHub repository <strong><a href="https://github.com/owid/covid-19-data/tree/master/public/data/">here</a></strong>. There you can download all of our data.</p>	2	0	0.5,,;2.5,,;5,,;10,,;50,,;100,,;250,,;500,,;1000,#580202,;4000,#011615,			true	OrRd
	new_cases_smoothed_per_million_gt_0	Daily new confirmed COVID-19 cases (per 1M)	Ratio	new_cases_smoothed_per_million where new_cases_smoothed_per_million isGreaterThanOrEqual 0		Johns Hopkins University CSSE COVID-19 Data	https://github.com/CSSEGISandData/COVID-19	COVID-19 Data Repository by the Center for Systems Science and Engineering (CSSE) at Johns Hopkins University			<p>Raw data on confirmed cases and deaths for all countries is sourced from the <a href="https://github.com/CSSEGISandData/COVID-19">COVID-19 Data Repository by the Center for Systems Science and Engineering (CSSE) at Johns Hopkins University</a>. </p><p>Our complete COVID-19 dataset is a collection of the COVID-19 data maintained by <em>Our World in Data</em>. <strong>It is updated daily</strong> and includes data on confirmed cases, deaths, hospitalizations, and testing.</p><p>We have created a new description of all our data sources. You find it at our GitHub repository <strong><a href="https://github.com/owid/covid-19-data/tree/master/public/data/">here</a></strong>. There you can download all of our data.</p>	2	0	0.5,,;2.5,,;5,,;10,,;50,,;100,,;250,,;500,,;1000,#580202,;4000,#011615,			true	OrRd
	new_tests	Daily new COVID-19 tests	Integer		tests_units	Official data collated by Our World in Data	https://ourworldindata.org/coronavirus-testing#testing-for-covid-19-background-the-our-world-in-data-covid-19-testing-dataset	For source details see ourworldindata.org/coronavirus-testing#source-information-country-by-country	For source details see ourworldindata.org/coronavirus-testing#source-information-country-by-country		<p>Data on COVID-19 testing. Comparisons between countries are compromised for several reasons.</p><p>You can download the full dataset, alongside detailed source descriptions here: https://github.com/owid/covid-19-data/tree/master/public/data/</p>	10	0	25000,,;50000,,;100000,,;250000,,;500000,,;1000000,,			true	BuPu
	new_tests_per_thousand	Daily new COVID-19 tests per 1,000 people	Ratio		tests_units	Official data collated by Our World in Data	https://ourworldindata.org/coronavirus-testing#testing-for-covid-19-background-the-our-world-in-data-covid-19-testing-dataset	For source details see ourworldindata.org/coronavirus-testing#source-information-country-by-country	For source details see ourworldindata.org/coronavirus-testing#source-information-country-by-country		<p>Data on COVID-19 testing. Comparisons between countries are compromised for several reasons.</p><p>You can download the full dataset, alongside detailed source descriptions here: https://github.com/owid/covid-19-data/tree/master/public/data/</p>	10		0.5,,;1,,;1.5,,;2,,;2.5,,;3,,;5,,;10,,;20,,			true	YlGn
	total_tests	Total tests	Integer		tests_units	Official data collated by Our World in Data	https://ourworldindata.org/coronavirus-testing#testing-for-covid-19-background-the-our-world-in-data-covid-19-testing-dataset	For source details see ourworldindata.org/coronavirus-testing#source-information-country-by-country	For source details see ourworldindata.org/coronavirus-testing#source-information-country-by-country		<p>Data on COVID-19 testing. Comparisons between countries are compromised for several reasons.</p><p>You can download the full dataset, alongside detailed source descriptions here: https://github.com/owid/covid-19-data/tree/master/public/data/</p>	10		100000,,;1000000,,;10000000,,;100000000,,;1000000000,,			true
	total_tests_per_thousand	Total tests (per 1K)	Ratio		tests_units	Official data collated by Our World in Data	https://ourworldindata.org/coronavirus-testing#testing-for-covid-19-background-the-our-world-in-data-covid-19-testing-dataset	For source details see ourworldindata.org/coronavirus-testing#source-information-country-by-country	For source details see ourworldindata.org/coronavirus-testing#source-information-country-by-country		<p>Data on COVID-19 testing. Comparisons between countries are compromised for several reasons.</p><p>You can download the full dataset, alongside detailed source descriptions here: https://github.com/owid/covid-19-data/tree/master/public/data/</p>	10		5,,;10,,;20,,;50,,;100,,;200,,;500,,;1000,,;2000,,			true	YlGn
	new_tests_smoothed	Daily new COVID-19 tests	Numeric		tests_units	Official data collated by Our World in Data	https://ourworldindata.org/coronavirus-testing#testing-for-covid-19-background-the-our-world-in-data-covid-19-testing-dataset	For source details see ourworldindata.org/coronavirus-testing#source-information-country-by-country	For source details see ourworldindata.org/coronavirus-testing#source-information-country-by-country		<p>Data on COVID-19 testing. Comparisons between countries are compromised for several reasons.</p><p>You can download the full dataset, alongside detailed source descriptions here: https://github.com/owid/covid-19-data/tree/master/public/data/</p>	10	0	25000,,;50000,,;100000,,;250000,,;500000,,;1000000,,			true	BuPu
	new_tests_smoothed_per_thousand	Daily new COVID-19 tests per 1,000 people	Numeric		tests_units	Official data collated by Our World in Data	https://ourworldindata.org/coronavirus-testing#testing-for-covid-19-background-the-our-world-in-data-covid-19-testing-dataset	For source details see ourworldindata.org/coronavirus-testing#source-information-country-by-country	For source details see ourworldindata.org/coronavirus-testing#source-information-country-by-country		<p>Data on COVID-19 testing. Comparisons between countries are compromised for several reasons.</p><p>You can download the full dataset, alongside detailed source descriptions here: https://github.com/owid/covid-19-data/tree/master/public/data/</p>	10		0.5,,;1,,;1.5,,;2,,;2.5,,;3,,;5,,;10,,;20,,			true	YlGn
	tests_units		String
	tests_per_case	Tests per case	Ratio			Official data collated by Our World in Data	https://ourworldindata.org/coronavirus-testing#testing-for-covid-19-background-the-our-world-in-data-covid-19-testing-dataset	For source details see ourworldindata.org/coronavirus-testing#source-information-country-by-country	For source details see ourworldindata.org/coronavirus-testing#source-information-country-by-country		<p>Data on COVID-19 testing. Comparisons between countries are compromised for several reasons.</p><p>You can download the full dataset, alongside detailed source descriptions here: https://github.com/owid/covid-19-data/tree/master/public/data/</p>	10		50,,;100,,;500,,;1000,,;5000,,;10000,,;50000,,			true	YlOrRd
	positive_rate	Positive test rate	DecimalPercentage									5
	positive_rate_percent	Positive test rate	DecimalPercentage	multiplyBy positive_rate 100		Official data collated by Our World in Data	https://ourworldindata.org/coronavirus-testing#testing-for-covid-19-background-the-our-world-in-data-covid-19-testing-dataset	For source details see ourworldindata.org/coronavirus-testing#source-information-country-by-country	For source details see ourworldindata.org/coronavirus-testing#source-information-country-by-country		<p>Data on COVID-19 testing. Comparisons between countries are compromised for several reasons.</p><p>You can download the full dataset, alongside detailed source descriptions here: https://github.com/owid/covid-19-data/tree/master/public/data/</p>	10	0	1,#2166AC;2,#4393C3;3,#92C5DE;5,#D1E5F0;10,#FDDBC7;20,#F4A582;30,#D6604D;50,#B2182B	Positive rate	No testing data	true
	total_cases_above_100		Integer	total_cases where total_cases isGreaterThan 100
	days_since_100_cases	Days since the 100th confirmed case	Integer	timeSinceEntityExceededThreshold date location total_cases 100
	days_since_30_cases_per_day	Days since confirmed cases first reached 30 per day	Integer	timeSinceEntityExceededThreshold date location new_cases 30
	days_since_1_case_per_million	Days since the total confirmed cases per million people reached 1	Integer	timeSinceEntityExceededThreshold date location total_cases_per_million 1
	cases_rolling_average_weekly		Integer	rollingAverage date location new_cases 7
	cases_rolling_average_biweekly		Integer	rollingAverage date location new_cases 14
	weekly_cases	Weekly confirmed COVID-19 cases	Integer	multiplyBy cases_rolling_average_weekly 7		Johns Hopkins University CSSE COVID-19 Data	https://github.com/CSSEGISandData/COVID-19	COVID-19 Data Repository by the Center for Systems Science and Engineering (CSSE) at Johns Hopkins University			<p>Raw data on confirmed cases and deaths for all countries is sourced from the <a href="https://github.com/CSSEGISandData/COVID-19">COVID-19 Data Repository by the Center for Systems Science and Engineering (CSSE) at Johns Hopkins University</a>. </p><p>Our complete COVID-19 dataset is a collection of the COVID-19 data maintained by <em>Our World in Data</em>. <strong>It is updated daily</strong> and includes data on confirmed cases, deaths, hospitalizations, and testing.</p><p>We have created a new description of all our data sources. You find it at our GitHub repository <strong><a href="https://github.com/owid/covid-19-data/tree/master/public/data/">here</a></strong>. There you can download all of our data.</p>	2	0	10,,;100,,;1000,,;10000,,;100000,,;1000000,,;10000000,,			true	YlGnBu
	biweekly_cases	Biweekly confirmed COVID-19 cases	Integer	multiplyBy cases_rolling_average_biweekly 14		Johns Hopkins University CSSE COVID-19 Data	https://github.com/CSSEGISandData/COVID-19	COVID-19 Data Repository by the Center for Systems Science and Engineering (CSSE) at Johns Hopkins University			<p>Raw data on confirmed cases and deaths for all countries is sourced from the <a href="https://github.com/CSSEGISandData/COVID-19">COVID-19 Data Repository by the Center for Systems Science and Engineering (CSSE) at Johns Hopkins University</a>. </p><p>Our complete COVID-19 dataset is a collection of the COVID-19 data maintained by <em>Our World in Data</em>. <strong>It is updated daily</strong> and includes data on confirmed cases, deaths, hospitalizations, and testing.</p><p>We have created a new description of all our data sources. You find it at our GitHub repository <strong><a href="https://github.com/owid/covid-19-data/tree/master/public/data/">here</a></strong>. There you can download all of our data.</p>	2	0	10,,;100,,;1000,,;10000,,;100000,,;1000000,,;10000000,,			true	YlGnBu
	weekly_cases_change	Week by week change of confirmed COVID-19 cases	Percentage	percentChange date location weekly_cases 7		Johns Hopkins University CSSE COVID-19 Data	https://github.com/CSSEGISandData/COVID-19	COVID-19 Data Repository by the Center for Systems Science and Engineering (CSSE) at Johns Hopkins University			<p>Raw data on confirmed cases and deaths for all countries is sourced from the <a href="https://github.com/CSSEGISandData/COVID-19">COVID-19 Data Repository by the Center for Systems Science and Engineering (CSSE) at Johns Hopkins University</a>. </p><p>Our complete COVID-19 dataset is a collection of the COVID-19 data maintained by <em>Our World in Data</em>. <strong>It is updated daily</strong> and includes data on confirmed cases, deaths, hospitalizations, and testing.</p><p>We have created a new description of all our data sources. You find it at our GitHub repository <strong><a href="https://github.com/owid/covid-19-data/tree/master/public/data/">here</a></strong>. There you can download all of our data.</p>	2	-100	-50,,;-25,,;-10,,;0,,;10,#ffece1,;25,#fdd5bf,;50,,;100,,;500,,			true	RdBu	true
	biweekly_cases_change	Biweekly change of confirmed COVID-19 cases	Percentage	percentChange date location biweekly_cases 14		Johns Hopkins University CSSE COVID-19 Data	https://github.com/CSSEGISandData/COVID-19	COVID-19 Data Repository by the Center for Systems Science and Engineering (CSSE) at Johns Hopkins University			<p>Raw data on confirmed cases and deaths for all countries is sourced from the <a href="https://github.com/CSSEGISandData/COVID-19">COVID-19 Data Repository by the Center for Systems Science and Engineering (CSSE) at Johns Hopkins University</a>. </p><p>Our complete COVID-19 dataset is a collection of the COVID-19 data maintained by <em>Our World in Data</em>. <strong>It is updated daily</strong> and includes data on confirmed cases, deaths, hospitalizations, and testing.</p><p>We have created a new description of all our data sources. You find it at our GitHub repository <strong><a href="https://github.com/owid/covid-19-data/tree/master/public/data/">here</a></strong>. There you can download all of our data.</p>	2	-100	-50,,;-25,,;-10,,;0,,;10,#ffece1,;25,#fdd5bf,;50,,;100,,;500,,			true	RdBu	true
	reproduction_rate	Reproduction rate	Numeric			Arroyo-Marioli F, Bullano F, Kucinskas S, Rondón-Moreno C (2021) Tracking R of COVID-19: A new real-time estimation using the Kalman filter.	https://github.com/crondonm/TrackingR/tree/main/Estimates-Database	Arroyo-Marioli F, Bullano F, Kucinskas S, Rondón-Moreno C (2021) Tracking R of COVID-19: A new real-time estimation using the Kalman filter. PLoS ONE 16(1): e0244474. https://doi.org/10.1371/journal.pone.0244474				10		0.5,#4575b4,;0.75,#91bfdb,;1,#e0f3f8,;1.25,#fee090,;1.5,#fc8d59,;2,#d73027,			true
	stringency_index	Stringency Index	Numeric

table	https://covid.ourworldindata.org/data/internal/megafile--deaths.json	deaths
columns	deaths
	slug	name	type	transform	annotationsColumnSlug	sourceName	sourceLink	dataPublishedBy	dataPublisherSource	retrievedDate	additionalInfo	tolerance	colorScaleNumericMinValue	colorScaleNumericBins	colorScaleLegendDescription	colorScaleNoDataLabel	colorScaleEqualSizeBins	colorScaleScheme	colorScaleInvert	colorScaleCategoricalBins
	location	Country name	EntityName
	continent		Continent															continents		Africa,#923E8B,;Antarctica,#5887A1,;Asia,#2D8587,;Europe,#4C5C78,;North America,#E04E4B,;Oceania,#A8633C,;South America,#932834,
	date	Day	Date
	total_deaths	Total deaths	Integer			Johns Hopkins University CSSE COVID-19 Data	https://github.com/CSSEGISandData/COVID-19	COVID-19 Data Repository by the Center for Systems Science and Engineering (CSSE) at Johns Hopkins University			<p>Raw data on confirmed cases and deaths for all countries is sourced from the <a href="https://github.com/CSSEGISandData/COVID-19">COVID-19 Data Repository by the Center for Systems Science and Engineering (CSSE) at Johns Hopkins University</a>. </p><p>Our complete COVID-19 dataset is a collection of the COVID-19 data maintained by <em>Our World in Data</em>. <strong>It is updated daily</strong> and includes data on confirmed cases, deaths, hospitalizations, and testing.</p><p>We have created a new description of all our data sources. You find it at our GitHub repository <strong><a href="https://github.com/owid/covid-19-data/tree/master/public/data/">here</a></strong>. There you can download all of our data.</p>	2		10,,;100,,;1000,,;10000,,;50000,,;100000,,;500000,,;1000000,,			true	RdPu
	total_deaths_per_million	Total deaths (per 1M)	Ratio			Johns Hopkins University CSSE COVID-19 Data	https://github.com/CSSEGISandData/COVID-19	COVID-19 Data Repository by the Center for Systems Science and Engineering (CSSE) at Johns Hopkins University			<p>Raw data on confirmed cases and deaths for all countries is sourced from the <a href="https://github.com/CSSEGISandData/COVID-19">COVID-19 Data Repository by the Center for Systems Science and Engineering (CSSE) at Johns Hopkins University</a>. </p><p>Our complete COVID-19 dataset is a collection of the COVID-19 data maintained by <em>Our World in Data</em>. <strong>It is updated daily</strong> and includes data on confirmed cases, deaths, hospitalizations, and testing.</p><p>We have created a new description of all our data sources. You find it at our GitHub repository <strong><a href="https://github.com/owid/covid-19-data/tree/master/public/data/">here</a></strong>. There you can download all of our data.</p>	2		200,,;400,,;600,,;800,,;1000,,;1200,,;1400,,;1600,,;1800,,;2000,,			true	Reds
	new_deaths	New deaths	Integer			Johns Hopkins University CSSE COVID-19 Data	https://github.com/CSSEGISandData/COVID-19	COVID-19 Data Repository by the Center for Systems Science and Engineering (CSSE) at Johns Hopkins University			<p>Raw data on confirmed cases and deaths for all countries is sourced from the <a href="https://github.com/CSSEGISandData/COVID-19">COVID-19 Data Repository by the Center for Systems Science and Engineering (CSSE) at Johns Hopkins University</a>. </p><p>Our complete COVID-19 dataset is a collection of the COVID-19 data maintained by <em>Our World in Data</em>. <strong>It is updated daily</strong> and includes data on confirmed cases, deaths, hospitalizations, and testing.</p><p>We have created a new description of all our data sources. You find it at our GitHub repository <strong><a href="https://github.com/owid/covid-19-data/tree/master/public/data/">here</a></strong>. There you can download all of our data.</p>	2	0	1,,;5,,;10,,;50,,;250,,;500,,;1000,,;2500,,			true	OrRd
	new_deaths_per_million	New deaths (per 1M)	Ratio			Johns Hopkins University CSSE COVID-19 Data	https://github.com/CSSEGISandData/COVID-19	COVID-19 Data Repository by the Center for Systems Science and Engineering (CSSE) at Johns Hopkins University			<p>Raw data on confirmed cases and deaths for all countries is sourced from the <a href="https://github.com/CSSEGISandData/COVID-19">COVID-19 Data Repository by the Center for Systems Science and Engineering (CSSE) at Johns Hopkins University</a>. </p><p>Our complete COVID-19 dataset is a collection of the COVID-19 data maintained by <em>Our World in Data</em>. <strong>It is updated daily</strong> and includes data on confirmed cases, deaths, hospitalizations, and testing.</p><p>We have created a new description of all our data sources. You find it at our GitHub repository <strong><a href="https://github.com/owid/covid-19-data/tree/master/public/data/">here</a></strong>. There you can download all of our data.</p>	2		0.001,,;0.1,,;0.5,,;1,,;2,,;5,,;10,,;20,,			true	OrRd
	new_deaths_smoothed	New deaths	Numeric			Johns Hopkins University CSSE COVID-19 Data	https://github.com/CSSEGISandData/COVID-19	COVID-19 Data Repository by the Center for Systems Science and Engineering (CSSE) at Johns Hopkins University			<p>Raw data on confirmed cases and deaths for all countries is sourced from the <a href="https://github.com/CSSEGISandData/COVID-19">COVID-19 Data Repository by the Center for Systems Science and Engineering (CSSE) at Johns Hopkins University</a>. </p><p>Our complete COVID-19 dataset is a collection of the COVID-19 data maintained by <em>Our World in Data</em>. <strong>It is updated daily</strong> and includes data on confirmed cases, deaths, hospitalizations, and testing.</p><p>We have created a new description of all our data sources. You find it at our GitHub repository <strong><a href="https://github.com/owid/covid-19-data/tree/master/public/data/">here</a></strong>. There you can download all of our data.</p>	2	0	1,,;5,,;10,,;50,,;250,,;500,,;1000,,;2500,,			true	OrRd
	new_deaths_smoothed_gt_0	New deaths	Numeric	new_deaths_smoothed where new_deaths_smoothed isGreaterThanOrEqual 0		Johns Hopkins University CSSE COVID-19 Data	https://github.com/CSSEGISandData/COVID-19	COVID-19 Data Repository by the Center for Systems Science and Engineering (CSSE) at Johns Hopkins University			<p>Raw data on confirmed cases and deaths for all countries is sourced from the <a href="https://github.com/CSSEGISandData/COVID-19">COVID-19 Data Repository by the Center for Systems Science and Engineering (CSSE) at Johns Hopkins University</a>. </p><p>Our complete COVID-19 dataset is a collection of the COVID-19 data maintained by <em>Our World in Data</em>. <strong>It is updated daily</strong> and includes data on confirmed cases, deaths, hospitalizations, and testing.</p><p>We have created a new description of all our data sources. You find it at our GitHub repository <strong><a href="https://github.com/owid/covid-19-data/tree/master/public/data/">here</a></strong>. There you can download all of our data.</p>	2	0	1,,;5,,;10,,;50,,;250,,;500,,;1000,,;2500,,			true	OrRd
	new_deaths_smoothed_per_million	New deaths (per 1M)	Ratio			Johns Hopkins University CSSE COVID-19 Data	https://github.com/CSSEGISandData/COVID-19	COVID-19 Data Repository by the Center for Systems Science and Engineering (CSSE) at Johns Hopkins University			<p>Raw data on confirmed cases and deaths for all countries is sourced from the <a href="https://github.com/CSSEGISandData/COVID-19">COVID-19 Data Repository by the Center for Systems Science and Engineering (CSSE) at Johns Hopkins University</a>. </p><p>Our complete COVID-19 dataset is a collection of the COVID-19 data maintained by <em>Our World in Data</em>. <strong>It is updated daily</strong> and includes data on confirmed cases, deaths, hospitalizations, and testing.</p><p>We have created a new description of all our data sources. You find it at our GitHub repository <strong><a href="https://github.com/owid/covid-19-data/tree/master/public/data/">here</a></strong>. There you can download all of our data.</p>	2		0.001,,;0.1,,;0.5,,;1,,;2,,;5,,;10,,;20,,			true	OrRd
	new_deaths_smoothed_per_million_gt_0	New deaths (per 1M)	Ratio	new_deaths_smoothed_per_million where new_deaths_smoothed_per_million isGreaterThanOrEqual 0		Johns Hopkins University CSSE COVID-19 Data	https://github.com/CSSEGISandData/COVID-19	COVID-19 Data Repository by the Center for Systems Science and Engineering (CSSE) at Johns Hopkins University			<p>Raw data on confirmed cases and deaths for all countries is sourced from the <a href="https://github.com/CSSEGISandData/COVID-19">COVID-19 Data Repository by the Center for Systems Science and Engineering (CSSE) at Johns Hopkins University</a>. </p><p>Our complete COVID-19 dataset is a collection of the COVID-19 data maintained by <em>Our World in Data</em>. <strong>It is updated daily</strong> and includes data on confirmed cases, deaths, hospitalizations, and testing.</p><p>We have created a new description of all our data sources. You find it at our GitHub repository <strong><a href="https://github.com/owid/covid-19-data/tree/master/public/data/">here</a></strong>. There you can download all of our data.</p>	2		0.001,,;0.1,,;0.5,,;1,,;2,,;5,,;10,,;20,,			true	OrRd
	days_since_5_deaths	Days since the 5th total confirmed death	Integer	timeSinceEntityExceededThreshold date location total_deaths 5
	days_since_5_daily_deaths	Days since 5 daily new deaths first reported	Integer	timeSinceEntityExceededThreshold date location new_deaths 5
	days_since_point_1_death_per_million	Days since total confirmed deaths reached 0.1 per million	Integer	timeSinceEntityExceededThreshold date location total_deaths_per_million .1
	deaths_rolling_average_weekly		Integer	rollingAverage date location new_deaths 7
	deaths_rolling_average_biweekly		Integer	rollingAverage date location new_deaths 14								2
	weekly_deaths	Weekly confirmed COVID-19 deaths	Integer	multiplyBy deaths_rolling_average_weekly 7		Johns Hopkins University CSSE COVID-19 Data	https://github.com/CSSEGISandData/COVID-19	COVID-19 Data Repository by the Center for Systems Science and Engineering (CSSE) at Johns Hopkins University			<p>Raw data on confirmed cases and deaths for all countries is sourced from the <a href="https://github.com/CSSEGISandData/COVID-19">COVID-19 Data Repository by the Center for Systems Science and Engineering (CSSE) at Johns Hopkins University</a>. </p><p>Our complete COVID-19 dataset is a collection of the COVID-19 data maintained by <em>Our World in Data</em>. <strong>It is updated daily</strong> and includes data on confirmed cases, deaths, hospitalizations, and testing.</p><p>We have created a new description of all our data sources. You find it at our GitHub repository <strong><a href="https://github.com/owid/covid-19-data/tree/master/public/data/">here</a></strong>. There you can download all of our data.</p>	2		50,,;100,,;500,,;1000,,;5000,,;10000,,;50000,,			true	YlOrRd
	biweekly_deaths	Biweekly confirmed COVID-19 deaths	Integer	multiplyBy deaths_rolling_average_biweekly 14		Johns Hopkins University CSSE COVID-19 Data	https://github.com/CSSEGISandData/COVID-19	COVID-19 Data Repository by the Center for Systems Science and Engineering (CSSE) at Johns Hopkins University			<p>Raw data on confirmed cases and deaths for all countries is sourced from the <a href="https://github.com/CSSEGISandData/COVID-19">COVID-19 Data Repository by the Center for Systems Science and Engineering (CSSE) at Johns Hopkins University</a>. </p><p>Our complete COVID-19 dataset is a collection of the COVID-19 data maintained by <em>Our World in Data</em>. <strong>It is updated daily</strong> and includes data on confirmed cases, deaths, hospitalizations, and testing.</p><p>We have created a new description of all our data sources. You find it at our GitHub repository <strong><a href="https://github.com/owid/covid-19-data/tree/master/public/data/">here</a></strong>. There you can download all of our data.</p>	2		50,,;100,,;500,,;1000,,;5000,,;10000,,;50000,,			true	YlOrRd
	weekly_deaths_change	Week by week change of confirmed COVID-19 deaths	Percentage	percentChange date location weekly_deaths 7		Johns Hopkins University CSSE COVID-19 Data	https://github.com/CSSEGISandData/COVID-19	COVID-19 Data Repository by the Center for Systems Science and Engineering (CSSE) at Johns Hopkins University			<p>Raw data on confirmed cases and deaths for all countries is sourced from the <a href="https://github.com/CSSEGISandData/COVID-19">COVID-19 Data Repository by the Center for Systems Science and Engineering (CSSE) at Johns Hopkins University</a>. </p><p>Our complete COVID-19 dataset is a collection of the COVID-19 data maintained by <em>Our World in Data</em>. <strong>It is updated daily</strong> and includes data on confirmed cases, deaths, hospitalizations, and testing.</p><p>We have created a new description of all our data sources. You find it at our GitHub repository <strong><a href="https://github.com/owid/covid-19-data/tree/master/public/data/">here</a></strong>. There you can download all of our data.</p>	2	-100	-50,,;-25,,;-10,,;0,,;10,#ffeee3,;25,,;50,,;100,,;300,,			true	RdBu	true
	biweekly_deaths_change	Biweekly change of confirmed COVID-19 deaths	Percentage	percentChange date location biweekly_deaths 14		Johns Hopkins University CSSE COVID-19 Data	https://github.com/CSSEGISandData/COVID-19	COVID-19 Data Repository by the Center for Systems Science and Engineering (CSSE) at Johns Hopkins University			<p>Raw data on confirmed cases and deaths for all countries is sourced from the <a href="https://github.com/CSSEGISandData/COVID-19">COVID-19 Data Repository by the Center for Systems Science and Engineering (CSSE) at Johns Hopkins University</a>. </p><p>Our complete COVID-19 dataset is a collection of the COVID-19 data maintained by <em>Our World in Data</em>. <strong>It is updated daily</strong> and includes data on confirmed cases, deaths, hospitalizations, and testing.</p><p>We have created a new description of all our data sources. You find it at our GitHub repository <strong><a href="https://github.com/owid/covid-19-data/tree/master/public/data/">here</a></strong>. There you can download all of our data.</p>	2	-100	-50,,;-25,,;-10,,;0,,;10,#ffeee3,;25,,;50,,;100,,;300,,			true	RdBu	true
	cfr	Case fatality rate	Percentage			Johns Hopkins University CSSE COVID-19 Data	https://github.com/CSSEGISandData/COVID-19	COVID-19 Data Repository by the Center for Systems Science and Engineering (CSSE) at Johns Hopkins University			<p>Raw data on confirmed cases and deaths for all countries is sourced from the <a href="https://github.com/CSSEGISandData/COVID-19">COVID-19 Data Repository by the Center for Systems Science and Engineering (CSSE) at Johns Hopkins University</a>. </p><p>Our complete COVID-19 dataset is a collection of the COVID-19 data maintained by <em>Our World in Data</em>. <strong>It is updated daily</strong> and includes data on confirmed cases, deaths, hospitalizations, and testing.</p><p>We have created a new description of all our data sources. You find it at our GitHub repository <strong><a href="https://github.com/owid/covid-19-data/tree/master/public/data/">here</a></strong>. There you can download all of our data.</p>	2		0.001,#c8c8c8,No recorded deaths;1,,;2,,;3,,;4,,;5,,;10,,;25,,			true	YlGnBu

table	https://covid.ourworldindata.org/data/internal/megafile--vaccinations.json	vaccinations
columns	vaccinations
	slug	name	type	transform	annotationsColumnSlug	sourceName	sourceLink	dataPublishedBy	dataPublisherSource	retrievedDate	additionalInfo	tolerance	colorScaleNumericMinValue	colorScaleNumericBins	colorScaleLegendDescription	colorScaleNoDataLabel	colorScaleEqualSizeBins	colorScaleScheme	colorScaleInvert	colorScaleCategoricalBins	color
	location	Country name	EntityName
	date	Day	Date
	new_vaccinations_smoothed_per_million		Ratio
	total_vaccinations	Total vaccinations	Integer			Official data collated by Our World in Data	https://github.com/owid/covid-19-data/tree/master/public/data/vaccinations	For source details see https://github.com/owid/covid-19-data/tree/master/public/data/vaccinations/locations.csv			<p>Data on COVID-19 vaccinations. We only rely on figures that are verifiable based on public official sources.</p><p>You can download the full dataset here: https://github.com/owid/covid-19-data/tree/master/public/data/vaccinations</p>	30		100,,;1000,,;10000,,;100000,,;1000000,,;10000000,,;100000000,,;1000000000,,			true	YlGnBu
	total_vaccinations_per_hundred	Total vaccinations (per 100)	Ratio			Official data collated by Our World in Data	https://github.com/owid/covid-19-data/tree/master/public/data/vaccinations	For source details see https://github.com/owid/covid-19-data/tree/master/public/data/vaccinations/locations.csv			<p>Data on COVID-19 vaccinations. We only rely on figures that are verifiable based on public official sources.</p><p>You can download the full dataset here: https://github.com/owid/covid-19-data/tree/master/public/data/vaccinations</p>	30		1,,;5,,;10,,;20,,;40,,;60,,;80,,;100,,;120,,;140,,			true	Blues
	new_vaccinations	New vaccinations	Integer			Official data collated by Our World in Data	https://github.com/owid/covid-19-data/tree/master/public/data/vaccinations	For source details see https://github.com/owid/covid-19-data/tree/master/public/data/vaccinations/locations.csv			<p>Data on COVID-19 vaccinations. We only rely on figures that are verifiable based on public official sources.</p><p>You can download the full dataset here: https://github.com/owid/covid-19-data/tree/master/public/data/vaccinations</p>	10		1000,,;3000,,;10000,,;30000,,;100000,,;300000,,;1000000,,;3000000,,;10000000,,			true	YlGn
	new_vaccinations_per_pop		Ratio	new_vaccinations divideBy population
	new_vaccinations_per_hundred	New vaccinations (per 100)	Ratio	multiplyBy new_vaccinations_per_pop 100		Official data collated by Our World in Data	https://github.com/owid/covid-19-data/tree/master/public/data/vaccinations	For source details see https://github.com/owid/covid-19-data/tree/master/public/data/vaccinations/locations.csv			<p>Data on COVID-19 vaccinations. We only rely on figures that are verifiable based on public official sources.</p><p>You can download the full dataset here: https://github.com/owid/covid-19-data/tree/master/public/data/vaccinations</p>	10		0.1,,;0.2,,;0.3,,;0.4,,;0.5,,;0.6,,;0.7,,;0.8,,;0.9,,;1,,			true	OrRd
	new_vaccinations_smoothed	New vaccinations	Numeric			Official data collated by Our World in Data	https://github.com/owid/covid-19-data/tree/master/public/data/vaccinations	For source details see https://github.com/owid/covid-19-data/tree/master/public/data/vaccinations/locations.csv			<p>Data on COVID-19 vaccinations. We only rely on figures that are verifiable based on public official sources.</p><p>You can download the full dataset here: https://github.com/owid/covid-19-data/tree/master/public/data/vaccinations</p>	10		1000,,;3000,,;10000,,;30000,,;100000,,;300000,,;1000000,,;3000000,,;10000000,,			true	YlGn
	new_vaccinations_smoothed_per_hundred	New vaccinations (per 100)	Ratio	multiplyBy new_vaccinations_smoothed_per_million 0.0001		Official data collated by Our World in Data	https://github.com/owid/covid-19-data/tree/master/public/data/vaccinations	For source details see https://github.com/owid/covid-19-data/tree/master/public/data/vaccinations/locations.csv			<p>Data on COVID-19 vaccinations. We only rely on figures that are verifiable based on public official sources.</p><p>You can download the full dataset here: https://github.com/owid/covid-19-data/tree/master/public/data/vaccinations</p>	10		0.1,,;0.2,,;0.3,,;0.4,,;0.5,,;0.6,,;0.7,,;0.8,,;0.9,,;1,,			true	OrRd
	people_vaccinated	People with at least one dose of COVID-19 vaccine	Integer			Official data collated by Our World in Data	https://github.com/owid/covid-19-data/tree/master/public/data/vaccinations	For source details see https://github.com/owid/covid-19-data/tree/master/public/data/vaccinations/locations.csv			<p>Data on COVID-19 vaccinations. We only rely on figures that are verifiable based on public official sources.</p><p>You can download the full dataset here: https://github.com/owid/covid-19-data/tree/master/public/data/vaccinations</p>	30		1000,,;10000,,;100000,,;1000000,,;10000000,,;100000000,,;1000000000,,			true	YlGnBu
	people_fully_vaccinated	People fully vaccinated against COVID-19	Integer			Official data collated by Our World in Data	https://github.com/owid/covid-19-data/tree/master/public/data/vaccinations	For source details see https://github.com/owid/covid-19-data/tree/master/public/data/vaccinations/locations.csv			<p>Data on COVID-19 vaccinations. We only rely on figures that are verifiable based on public official sources.</p><p>You can download the full dataset here: https://github.com/owid/covid-19-data/tree/master/public/data/vaccinations</p>	30		1000,,;10000,,;100000,,;1000000,,;10000000,,;100000000,,			true	YlGnBu			#3C4E66
	people_partly_vaccinated	People only partly vaccinated against COVID-19	Integer	subtract people_vaccinated people_fully_vaccinated		Official data collated by Our World in Data	https://github.com/owid/covid-19-data/tree/master/public/data/vaccinations	For source details see https://github.com/owid/covid-19-data/tree/master/public/data/vaccinations/locations.csv			<p>Data on COVID-19 vaccinations. We only rely on figures that are verifiable based on public official sources.</p><p>You can download the full dataset here: https://github.com/owid/covid-19-data/tree/master/public/data/vaccinations</p>	30									#8798af
	people_vaccinated_per_hundred	Share of people with at least one dose of COVID-19 vaccine	DecimalPercentage			Official data collated by Our World in Data	https://github.com/owid/covid-19-data/tree/master/public/data/vaccinations	For source details see https://github.com/owid/covid-19-data/tree/master/public/data/vaccinations/locations.csv			<p>Data on COVID-19 vaccinations. We only rely on figures that are verifiable based on public official sources.</p><p>You can download the full dataset here: https://github.com/owid/covid-19-data/tree/master/public/data/vaccinations</p>	30		1,,;5,,;10,,;20,,;30,,;40,,;50,,;60,,;70,,			true	Blues
	people_fully_vaccinated_per_hundred	Share of people fully vaccinated against COVID-19	DecimalPercentage			Official data collated by Our World in Data	https://github.com/owid/covid-19-data/tree/master/public/data/vaccinations	For source details see https://github.com/owid/covid-19-data/tree/master/public/data/vaccinations/locations.csv			<p>Data on COVID-19 vaccinations. We only rely on figures that are verifiable based on public official sources.</p><p>You can download the full dataset here: https://github.com/owid/covid-19-data/tree/master/public/data/vaccinations</p>	30		1,,;5,,;10,,;20,,;30,,;40,,;50,,;60,,			true	Greens			#3C4E66
	people_partly_vaccinated_per_hundred	Share of people only partly vaccinated against COVID-19	DecimalPercentage	subtract people_vaccinated_per_hundred people_fully_vaccinated_per_hundred		Official data collated by Our World in Data	https://github.com/owid/covid-19-data/tree/master/public/data/vaccinations	For source details see https://github.com/owid/covid-19-data/tree/master/public/data/vaccinations/locations.csv			<p>Data on COVID-19 vaccinations. We only rely on figures that are verifiable based on public official sources.</p><p>You can download the full dataset here: https://github.com/owid/covid-19-data/tree/master/public/data/vaccinations</p>	30									#8798af
	population	Population	Population

table	https://covid.ourworldindata.org/data/internal/megafile--hospital-admissions.json	hospital-admissions
columns	hospital-admissions
	slug	name	type	transform	annotationsColumnSlug	sourceName	sourceLink	dataPublishedBy	dataPublisherSource	retrievedDate	additionalInfo	tolerance	colorScaleNumericMinValue	colorScaleNumericBins	colorScaleLegendDescription	colorScaleNoDataLabel	colorScaleEqualSizeBins	colorScaleScheme	colorScaleInvert	colorScaleCategoricalBins
	location	Country name	EntityName
	date	Day	Date
	icu_patients		Integer
	icu_patients_per_million		Ratio
	hosp_patients		Integer
	hosp_patients_per_million		Ratio
	weekly_icu_admissions		Integer
	weekly_icu_admissions_per_million		Ratio
	weekly_hosp_admissions		Integer
	weekly_hosp_admissions_per_million		Ratio

table	https://covid.ourworldindata.org/data/internal/megafile--auxiliary.json	auxiliary
columns	auxiliary
	slug	name	type	transform	annotationsColumnSlug	sourceName	sourceLink	dataPublishedBy	dataPublisherSource	retrievedDate	additionalInfo	tolerance	colorScaleNumericMinValue	colorScaleNumericBins	colorScaleLegendDescription	colorScaleNoDataLabel	colorScaleEqualSizeBins	colorScaleScheme	colorScaleInvert	colorScaleCategoricalBins
	iso_code	Code	EntityCode
	continent		Continent															continents		Africa,#923E8B,;Antarctica,#5887A1,;Asia,#2D8587,;Europe,#4C5C78,;North America,#E04E4B,;Oceania,#A8633C,;South America,#932834,
	location	Country name	EntityName
	date	Day	Date
	population_density	Population density (people per km²)	PopulationDensity
	cardiovasc_death_rate		Ratio
	diabetes_prevalence		Percentage
	female_smokers		Percentage
	male_smokers		Percentage
	handwashing_facilities		Percentage
	median_age	Median age	Age
	aged_65_older	Share aged 65+	Percentage
	aged_70_older	Share aged 70+	Percentage
	gdp_per_capita	GDP per capita (int.-$)	Currency
	extreme_poverty	Population in extreme poverty	Percentage
	human_development_index	Human Development Index	Numeric
	hospital_beds_per_thousand	Hospital beds (per 1000)	Ratio
	life_expectancy	Life expectancy	Age