explorerTitle	Migration, Refugee and Asylum Data Explorer
isPublished	true
thumbnail	https://owid.cloud/app/uploads/2022/03/Migration-Data-Explorer.png
selection	United States	Germany	France	United Kingdom	Syria	Turkey	Yemen	India	Canada
explorerSubtitle	Explore the migration of people across the world.
hideAlertBanner	true
subNavId
subNavCurrentId
wpBlockId	49910
hasMapTab	true
yAxisMin	0
hideTitleAnnotation	true
tab	map
graphers
	title	subtitle	Metric Dropdown	Period Radio	Sub-metric Radio	tableSlug	ySlugs	yScaleToggle	xSlug	baseColorScheme	type	hasMapTab	note	relatedQuestionText	relatedQuestionUrl
	Total number of international immigrants	The total number of people living in a given country that were born in another country. This measures the cumulative migrant stock.	Number of international immigrants	Total	Total	migration	undesa_international_migrants_by_destination	false		owid-distinct	LineChart	true		Migration Data: Our sources and defintions	https://ourworldindata.org/migration-definition
	Share of the population that were born in another country		Number of international immigrants	Total	Per capita / Share of population	migration	undesa_share_of_population_that_are_international_migrants_by_destination	false		owid-distinct	LineChart	true		Migration Data: Our sources and defintions	https://ourworldindata.org/migration-definition
	Change in the number of international immigrants in the previous five years	The change in the total number of migrants living in a given country compared to five years ago. A positive number indicates there are now more migrants living in a given country; a negative number means there are fewer.	Number of international immigrants	Five-year change	Total	migration	undesa_five_year_change_in_international_migrants_by_destination	false		owid-distinct	LineChart	true		Migration Data: Our sources and defintions	https://ourworldindata.org/migration-definition
	Change in the number of international immigrants in the previous five years, per 1,000 people	The change in the total number of migrants living in a given country compared to five years ago. A positive number indicates there are now more migrants living in a given country; a negative number means there are fewer.	Number of international immigrants	Five-year change	Per capita / Share of population	migration	undesa_five_year_change_in_international_migrants_by_destination_per_1000	false		owid-distinct	LineChart	true		Migration Data: Our sources and defintions	https://ourworldindata.org/migration-definition
	Total number of emigrants	Total number of people that have left the country.	Number of emigrants	Total	Total	migration	undesa_international_migrants_by_origin	false		owid-distinct	LineChart	true		Migration Data: Our sources and defintions	https://ourworldindata.org/migration-definition
	Share of the population born in that country that now live in another country	The total number of people that have left the country, as a share of the current population.	Number of emigrants	Total	Per capita / Share of population	migration	undesa_share_of_population_that_are_international_migrants_by_origin	false		owid-distinct	LineChart	true		Migration Data: Our sources and defintions	https://ourworldindata.org/migration-definition
	Change in the number of emigrants in the previous five years	The total number of people born in that country that are now living in another country, compared to five years ago. A positive number indicates there are now more emigrants living in a given country; a negative number means there are fewer.	Number of emigrants	Five-year change	Total	migration	undesa_five_year_change_in_international_migrants_by_origin	false		owid-distinct	LineChart	true		Migration Data: Our sources and defintions	https://ourworldindata.org/migration-definition
	Change in the number of emigrants in the previous five years, per 1,000 people	The total number of people born in that country that are now living in another country, compared to five years ago. A positive number indicates there are now more emigrants living in a given country; a negative number means there are fewer.	Number of emigrants	Five-year change	Per capita / Share of population	migration	undesa_five_year_change_in_international_migrants_by_origin_per_1000	false		owid-distinct	LineChart	true		Migration Data: Our sources and defintions	https://ourworldindata.org/migration-definition
	Net migration	Net migration is the total the number of immigrants (people moving into a given country) minus the number of emigrants (people moving out of the country) over the previous five years. It is expressed as average annual net number of migrants.	Net migration number			migration	undesa_net_number_of_migrants	false		owid-distinct	LineChart	true		Migration Data: Our sources and defintions	https://ourworldindata.org/migration-definition
	Net migration rate	Net migration rate is the number of immigrants (people moving into a given country) minus the number of emigrants (people moving out of the country) in the previous five years, divided by the person-years lived by the population of the receiving country over that period. It is expressed as average annual net number of migrants per 1,000 population.	Net migration rate			migration	undesa_net_migration_rate_per_1000	false		owid-distinct	LineChart	true		Migration Data: Our sources and defintions	https://ourworldindata.org/migration-definition
	Total number of child immigrants	The total number of children under 18 years old that were born in another country. This measures the cumulative immigrant stock, and should not be confused with the flow of new immigrants.	Number of child migrants (under-18s)		Total	migration	unicef_under_eighteen_migrants_by_destination	false		owid-distinct	DiscreteBar	true		Migration Data: Our sources and defintions	https://ourworldindata.org/migration-definition
	Number of child immigrants per 1,000 people	The total number of children under 18 years old that were born in another country, per 1,000 people in the host country. This measures the cumulative immigrant stock, and should not be confused with the flow of new immigrants.	Number of child migrants (under-18s)		Per capita / Share of population	migration	unicef_under_eighteen_migrants_by_destination_per_1000	false		owid-distinct	DiscreteBar	true		Migration Data: Our sources and defintions	https://ourworldindata.org/migration-definition
	Total number of child immigrants	The total number of children under 15 years old that were born in another country. This measures the cumulative immigrant stock, and should not be confused with the flow of new immigrants.	Number of child migrants (under-15s)		Total	migration	undesa_child_migrants_by_destination_under_15	false		owid-distinct	DiscreteBar	true		Migration Data: Our sources and defintions	https://ourworldindata.org/migration-definition
	Number of child immigrants per 1,000 people	The total number of children under 15 years old that were born in another country, per 1,000 people in the host country. This measures the cumulative immigrant stock, and should not be confused with the flow of new immigrants.	Number of child migrants (under-15s)		Per capita / Share of population	migration	undesa_child_migrants_by_destination_under_15_per_1000	false		owid-distinct	DiscreteBar	true		Migration Data: Our sources and defintions	https://ourworldindata.org/migration-definition
	Number of refugees living in the host country	Total number of refugees living in the host country. This measures the total number of refugees living in the country; not the number of arrivals per year.	Refugees by destination		Total	migration	unhcr_refugees_by_destination	false		owid-distinct	LineChart	true	Data is presented as the five-year rolling average.	Migration Data: Our sources and defintions	https://ourworldindata.org/migration-definition
	Number of refugees living in the host country per 1,000 people	Total number of refugees living in the host country, measured per 1,000 people. This measures the total number of refugees living in the country; not the number of arrivals per year.	Refugees by destination		Per capita / Share of population	migration	unhcr_refugees_by_destination_per_1000	false		owid-distinct	LineChart	true	Data is presented as the five-year rolling average.	Migration Data: Our sources and defintions	https://ourworldindata.org/migration-definition
	Number of refugees from the country of origin	Total number of refugees by country of origin. This measures the total number of refugees from the country; not the number per year.	Refugees by origin		Total	migration	unhcr_refugees_by_origin	false		owid-distinct	LineChart	true	Data is presented as the five-year rolling average.	Migration Data: Our sources and defintions	https://ourworldindata.org/migration-definition
	Number of refugees from the country of origin per 1,000 people	Total number of refugees by country of origin, measured per 1,000 people. This measures the total number of refugees from the country; not the number per year.	Refugees by origin		Per capita / Share of population	migration	unhcr_refugees_by_origin_per_1000	false		owid-distinct	LineChart	true	Data is presented as the five-year rolling average.	Migration Data: Our sources and defintions	https://ourworldindata.org/migration-definition
	Number of pending asylum applications by destination country	The total number of people in the country whose application for asylum or refugee status is pending at any stage in the asylum procedure.	Asylum seekers by destination		Total	migration	unhcr_asylum_seekers_by_destination	false		owid-distinct	LineChart	true	Data is presented as the five-year rolling average.	Migration Data: Our sources and defintions	https://ourworldindata.org/migration-definition
	Number of pending asylum applications by destination country per 100,000	The number of people in the country whose application for asylum or refugee status is pending at any stage in the asylum procedure, expressed per 100,000 people in the host country.	Asylum seekers by destination		Per capita / Share of population	migration	unhcr_asylum_seekers_by_destination_per_100000	false		owid-distinct	LineChart	true	Data is presented as the five-year rolling average.	Migration Data: Our sources and defintions	https://ourworldindata.org/migration-definition
	Number of pending asylum applications by origin country	The total number of people from a given country who has a pending application for asylum or refugee status in any other country.	Asylum seekers by origin		Total	migration	unhcr_asylum_seekers_by_origin	false		owid-distinct	LineChart	true	Data is presented as the five-year rolling average.	Migration Data: Our sources and defintions	https://ourworldindata.org/migration-definition
	Number of pending asylum applications by origin country per 100,000	The number of people from a given country who has a pending application for asylum or refugee status in any other country, expressed per 100,000 people in the origin country.	Asylum seekers by origin		Per capita / Share of population	migration	unhcr_asylum_seekers_by_origin_per_100000	false		owid-distinct	LineChart	true	Data is presented as the five-year rolling average.	Migration Data: Our sources and defintions	https://ourworldindata.org/migration-definition
	Annual number of resettled refugees by destination	The number of refugees that were resettled in the country per year. Resettlement is the change in status of a refugee when they go from an asylum country/state to another territory that has agreed to admit them and ultimately grant them permanent residence.	Resettled refugees by destination		Total	migration	unhcr_resettlement_arrivals_by_destination	false		owid-distinct	LineChart	true	Data is presented as the five-year rolling average.	Migration Data: Our sources and defintions	https://ourworldindata.org/migration-definition
	Annual number of resettled refugees by destination per 100,000 people	The number of refugees that were resettled in the country per year. This is measured per 100,000 people in the host country. Resettlement is the change in status of a refugee when they go from an asylum country/state to another territory that has agreed to admit them and ultimately grant them permanent residence.	Resettled refugees by destination		Per capita / Share of population	migration	unhcr_resettlement_arrivals_by_destination_per_100000	false		owid-distinct	LineChart	true	Data is presented as the five-year rolling average.	Migration Data: Our sources and defintions	https://ourworldindata.org/migration-definition
	Annual number of resettled refugees by origin	The number of refugees from the country that were resettled in another country per year. Resettlement is the change in status of a refugee when they go from an asylum country/state to another territory that has agreed to admit them and ultimately grant them permanent residence.	Resettled refugees by origin		Total	migration	unhcr_resettlement_arrivals_by_origin	false		owid-distinct	LineChart	true	Data is presented as the five-year rolling average.	Migration Data: Our sources and defintions	https://ourworldindata.org/migration-definition
	Annual number of resettled refugees by origin per 100,000 people	The number of refugees from the country that were resettled in another country per year. This is measured per 100,000 people of the origin country. Resettlement is the change in status of a refugee when they go from an asylum country/state to another territory that has agreed to admit them and ultimately grant them permanent residence.	Resettled refugees by origin		Per capita / Share of population	migration	unhcr_resettlement_arrivals_by_origin_per_100000	false		owid-distinct	LineChart	true	Data is presented as the five-year rolling average.	Migration Data: Our sources and defintions	https://ourworldindata.org/migration-definition
	New internal displacements due to conflict	The number of new displacements within a given country as a result of conflict and violence. A person is defined as internally displaced if they have been forced or obliged to leave their homes as a result of armed conflict, situations of generalized violence, or violations of human rights and have not crossed an internationally-recognized state border.	Internal displacement (conflict)	Annual / New	Total	migration	idmc_annual_internal_displacement_conflict	false		owid-distinct	LineChart	true	This indicator measures events rather than individuals. The same person could be displaced several times, and each time counts as a new displacement. Data is presented as the five-year rolling average.	Migration Data: Our sources and defintions	https://ourworldindata.org/migration-definition
	New internal displacements due to conflict per 100 people	The number of new displacements within a given country as a result of conflict and violence, measured per 100 people. A person is defined as internally displaced if they have been forced or obliged to leave their homes as a result of armed conflict, situations of generalized violence, or violations of human rights and have not crossed an internationally-recognized state border.	Internal displacement (conflict)	Annual / New	Per capita / Share of population	migration	idmc_share_annual_internal_displacement_conflict	false		owid-distinct	LineChart	true	This indicator measures events rather than individuals. The same person could be displaced several times, and each time counts as a new displacement. Data is presented as the five-year rolling average.	Migration Data: Our sources and defintions	https://ourworldindata.org/migration-definition
	New internal displacement due to disasters	The number of new displacements within a given country as a result of disasters. A person is defined as internally displaced if they have been forced or obliged to leave their homes as a result of a natural or human-made disaster.	Internal displacement (disaster)	Annual / New	Total	migration	idmc_annual_internal_displacement_disaster	false		owid-distinct	LineChart	true	This indicator measures events rather than individuals. The same person could be displaced several times, and each time counts as a new displacement. Data is presented as the five-year rolling average.	Migration Data: Our sources and defintions	https://ourworldindata.org/migration-definition
	New internal displacements due to disasters per 100 people	The number of new displacements within a given country as a result of disasters, measured per 100 people. A person is defined as internally displaced if they have been forced or obliged to leave their homes as a result of a natural or human-made disaster.	Internal displacement (disaster)	Annual / New	Per capita / Share of population	migration	idmc_share_annual_internal_displacement_disaster	false		owid-distinct	LineChart	true	This indicator measures events rather than individuals. The same person could be displaced several times, and each time counts as a new displacement. Data is presented as the five-year rolling average.	Migration Data: Our sources and defintions	https://ourworldindata.org/migration-definition
	Number of people internally displaced due to conflict	This is the number of current internal displacements: it is the cumulative sum of new displacement minus people who have returned to their homes, or have been resettled. A person is defined as internally displaced if they have been forced or obliged to leave their homes as a result of armed conflict, situations of generalized violence, or violations of human rights and have not crossed an internationally-recognized state border.	Internal displacement (conflict)	Total	Total	migration	idmc_total_internal_displacement_conflict	false		owid-distinct	LineChart	true	This indicator measures events rather than individuals. The same person could be displaced several times, and each time counts as a new displacement. Data is presented as the five-year rolling average.	Migration Data: Our sources and defintions	https://ourworldindata.org/migration-definition
	Number of people internally displaced due to conflict per 100 people	This is the number of current internal displacements: it is the cumulative sum of new displacement minus people who have returned to their homes, or have been resettled, measured per 100 people. A person is defined as internally displaced if they have been forced or obliged to leave their homes as a result of armed conflict, situations of generalized violence, or violations of human rights and have not crossed an internationally-recognized state border.	Internal displacement (conflict)	Total	Per capita / Share of population	migration	share_idmc_total_internal_displacement_conflict	false		owid-distinct	LineChart	true	This indicator measures events rather than individuals. The same person could be displaced several times, and each time counts as a new displacement. Data is presented as the five-year rolling average.	Migration Data: Our sources and defintions	https://ourworldindata.org/migration-definition
	Number of people internally displaced due to disasters	This is the number of current internal displacements: it is the cumulative sum of new displacement minus people who have returned to their homes, or have been resettled. A person is defined as internally displaced if they have been forced or obliged to leave their homes as a result of a natural or human-made disaster.	Internal displacement (disaster)	Total	Total	migration	idmc_total_internal_displacement_disaster	false		owid-distinct	LineChart	true	This indicator measures events rather than individuals. The same person could be displaced several times, and each time counts as a new displacement.	Migration Data: Our sources and defintions	https://ourworldindata.org/migration-definition
	Number of people internally displaced due to disasters per 100 people	This is the number of current internal displacements: it is the cumulative sum of new displacement minus people who have returned to their homes, or have been resettled, measured per 100 people. A person is defined as internally displaced if they have been forced or obliged to leave their homes as a result of a natural or human-made disaster.	Internal displacement (disaster)	Total	Per capita / Share of population	migration	share_idmc_total_internal_displacement_disaster	false		owid-distinct	LineChart	true	This indicator measures events rather than individuals. The same person could be displaced several times, and each time counts as a new displacement. Data is presented as the five-year rolling average.	Migration Data: Our sources and defintions	https://ourworldindata.org/migration-definition
	Remittances as a share of GDP	Remittances are in-kind cash transfers made from individuals in a given country to households outside of the host country.	Remittances received (% of GDP)			migration	wdi_remittances_received_share_gdp	false		owid-distinct	LineChart	true	Data is presented as the five-year rolling average.	Migration Data: Our sources and defintions	https://ourworldindata.org/migration-definition
	Average fees for sending remittances in each country	Remittances are in-kind cash transfers made from individuals in a given country to households outside of the host country. Transferring this money usually comes with a cost – this cost is called the remittance cost. This measures the average remittance costs of the country where immigrants are sending this money from. It is expressed as a percentage of total remittances.	Cost of sending remittances			migration	wdi_average_cost_sending_remittances_from_country	false		owid-distinct	LineChart	true	Data is presented as the five-year rolling average.	Migration Data: Our sources and defintions	https://ourworldindata.org/migration-definition
	Average fees for receiving remittances in each country	Remittances are in-kind cash transfers made from individuals in a given country to households outside of the host country. Transferring this money usually comes with a cost – this cost is called the remittance cost. This measures the average remittance costs of the country where immigrants are sending this money to. It is expressed as a percentage of total remittances.	Cost of receiving remittances			migration	wdi_average_cost_sending_remittances_to_country	false		owid-distinct	LineChart	true	Data is presented as the five-year rolling average.	Migration Data: Our sources and defintions	https://ourworldindata.org/migration-definition
table	https://raw.githubusercontent.com/owid/importers/migration/migration/output/Migration.csv	migration
columns	migration
	slug	name	type	unit	shortUnit	transform	annotationsColumnSlug	notes	sourceName	sourceLink	dataPublishedBy	dataPublisherSource	retrievedDate	additionalInfo	tolerance	colorScaleNumericMinValue	colorScaleNumericBins	colorScaleEqualSizeBins	colorScaleScheme
	year	Year	Year
	entity	Country	EntityName
	unhcr_resettlement_arrivals_by_destination_per_100000	Resettled by destination per capita	Numeric	per 100,000					Calculated by Our World in Data based on UNHCR	https://www.unhcr.org/refugee-statistics/	United Nations High Commissioner for Refugees (UNHCR)			We provide complete details of our data sources and definitions on our global migration data in our explainer here: https://ourworldindata.org/migration-definition	2	0	0.5,,;1,,;2.5,,;5,,;10,,;25,,;50	true	YlGnBu
	wdi_remittances_received_share_gdp	Remittances (% GDP)	Percentage	%	%				World Bank based on the International Monetary Fund, World Bank and OECD	http://data.worldbank.org/data-catalog/world-development-indicators	World Bank based on the International Monetary Fund, World Bank and OECD			We provide complete details of our data sources and definitions on our global migration data in our explainer here: https://ourworldindata.org/migration-definition	2	0	1,,;2.5,,;5,,;10,,;25,,;50	true	Purples
	undesa_five_year_change_in_international_migrants_by_destination	Five-year change immigrants	Integer						United Nations Department of Economic and Social Affairs (UN DESA)	https://www.un.org/development/desa/pd/content/international-migrant-stock	United Nations Department of Economic and Social Affairs (UN DESA)			We provide complete details of our data sources and definitions on our global migration data in our explainer here: https://ourworldindata.org/migration-definition	2		-10000000,,;-1000000,,;-100000,,;-10000,,;-1000,,;0,,;1000,,;10000,,;100000,,;1000000,,;10000000	true	PuOr
	undesa_refugees_by_destination	Refugees by destination	Integer						United Nations Department of Economic and Social Affairs (UN DESA)	https://www.un.org/development/desa/pd/content/international-migrant-stock	United Nations Department of Economic and Social Affairs (UN DESA)			We provide complete details of our data sources and definitions on our global migration data in our explainer here: https://ourworldindata.org/migration-definition	2	0	1000,,;10000,,;100000,,;1000000,,;10000000	true	YlGnBu
	unicef_under_eighteen_migrants_by_destination	Child migrants (UNICEF)	Integer						UNICEF	https://data.unicef.org/topic/child-migration-and-displacement/migration/	UNICEF			We provide complete details of our data sources and definitions on our global migration data in our explainer here: https://ourworldindata.org/migration-definition	2	0	10000,,;50000,,;100000,,;500000,,;1000000,,;5000000,,;10000000	true	BuPu
	unhcr_resettlement_arrivals_by_origin	Resettled by origin	Integer						United Nations High Commissioner for Refugees (UNHCR)	https://www.unhcr.org/refugee-statistics/	United Nations High Commissioner for Refugees (UNHCR)			We provide complete details of our data sources and definitions on our global migration data in our explainer here: https://ourworldindata.org/migration-definition	2	0	1,,;10,,;25,,;50,,;100,,;500,,;1000,,;5000,,;10000	true	YlOrRd
	undesa_child_migrants_by_destination_under_20	Child migrants (under-20s)	Integer						United Nations Department of Economic and Social Affairs (UN DESA)	https://www.un.org/development/desa/pd/content/international-migrant-stock	United Nations Department of Economic and Social Affairs (UN DESA)			We provide complete details of our data sources and definitions on our global migration data in our explainer here: https://ourworldindata.org/migration-definition	2	0	10000,,;100000,,;1000000,,;5000000,,;10000000,,;50000000,,;100000000	true	BuPu
	unhcr_asylum_seekers_by_origin_per_100000	Asylum seekers by origin (per capita)	Numeric	per 100,000					Calculated by Our World in Data based on UNHCR	https://www.unhcr.org/refugee-statistics/	United Nations High Commissioner for Refugees (UNHCR)			We provide complete details of our data sources and definitions on our global migration data in our explainer here: https://ourworldindata.org/migration-definition	2	0	1,,;2.5,,;5,,;7.5,,;10,,;15,,;25,,;50,,;100,,;500	true	YlOrRd
	undesa_child_migrants_by_destination_under_20_per_1000	Child migrants per capita (under-20s)	Numeric	per 1,000					Calculated by Our World in Data based on UN DESA	https://www.un.org/development/desa/pd/content/international-migrant-stock	United Nations Department of Economic and Social Affairs (UN DESA)			We provide complete details of our data sources and definitions on our global migration data in our explainer here: https://ourworldindata.org/migration-definition	2	0	1000,,;10000,,;100000,,;1000000,,;10000000	true	YlGnBu
	undesa_five_year_change_in_international_migrants_by_destination_per_1000	Five-year change immigrants per capita	Numeric	per 1,000					Calculated by Our World in Data based on UN DESA	https://www.un.org/development/desa/pd/content/international-migrant-stock	United Nations Department of Economic and Social Affairs (UN DESA)			We provide complete details of our data sources and definitions on our global migration data in our explainer here: https://ourworldindata.org/migration-definition	2	0	-10,,;-5,,;-1,,;-0.5,,;-0.1,,;0,,;0.1,,;0.5,,;1,,;5,,;10	true	PuOr
	unhcr_refugees_by_destination	Refugees by destination	Integer						United Nations High Commissioner for Refugees (UNHCR)	https://www.unhcr.org/refugee-statistics/	United Nations High Commissioner for Refugees (UNHCR)			We provide complete details of our data sources and definitions on our global migration data in our explainer here: https://ourworldindata.org/migration-definition	2	0	1000,,;10000,,;100000,,;500000,,;1000000,,;5000000,,;10000000	true	YlGn
	unhcr_resettlement_arrivals_by_destination	Resettled by destination	Integer						United Nations High Commissioner for Refugees (UNHCR)	https://www.unhcr.org/refugee-statistics/	United Nations High Commissioner for Refugees (UNHCR)			We provide complete details of our data sources and definitions on our global migration data in our explainer here: https://ourworldindata.org/migration-definition	2	0	50,,;100,,;500,,;1000,,;5000,,;10000	true	BuPu
	share_idmc_total_internal_displacement_disaster	Internal displacement (disasters)	Numeric	per 100					Calculated by Our World in Data based on IDMC	https://www.internal-displacement.org/database/displacement-data	Internal Displacement Monitoring Centre (IDMC)			We provide complete details of our data sources and definitions on our global migration data in our explainer here: https://ourworldindata.org/migration-definition	2	0	0.1,,;0.25,,;0.5,,;0.75,,;1,,;5,,;10,,;50	true	OrRd
	idmc_annual_internal_displacement_disaster	Annual internal displacements (Disaster)	Integer						Internal Displacement Monitoring Centre (IDMC)	https://www.internal-displacement.org/database/displacement-data	Internal Displacement Monitoring Centre (IDMC)			We provide complete details of our data sources and definitions on our global migration data in our explainer here: https://ourworldindata.org/migration-definition	2	0	1000,,;10000,,;100000,,;1000000,,;10000000	true	PuBu
	unhcr_asylum_seekers_by_destination	Asylum seekers by destination	Integer						United Nations High Commissioner for Refugees (UNHCR)	https://www.unhcr.org/refugee-statistics/	United Nations High Commissioner for Refugees (UNHCR)			We provide complete details of our data sources and definitions on our global migration data in our explainer here: https://ourworldindata.org/migration-definition	2	0	1000,,;10000,,;100000,,;1000000,,;10000000	true	YlGnBu
	undesa_five_year_change_in_international_migrants_by_origin	Five-year change emigrants	Integer						United Nations Department of Economic and Social Affairs (UN DESA)	https://www.un.org/development/desa/pd/content/international-migrant-stock	United Nations Department of Economic and Social Affairs (UN DESA)			We provide complete details of our data sources and definitions on our global migration data in our explainer here: https://ourworldindata.org/migration-definition	2		-10000000,,;-1000000,,;-100000,,;-10000,,;-1000,,;0,,;1000,,;10000,,;100000,,;1000000,,;10000000	true	PuOr
	idmc_share_annual_internal_displacement_conflict	Annual internal displacement from conflict (%)	Numeric	per 100					Calculated by Our World in Data based on IDMC	https://www.internal-displacement.org/database/displacement-data	Internal Displacement Monitoring Centre (IDMC)			We provide complete details of our data sources and definitions on our global migration data in our explainer here: https://ourworldindata.org/migration-definition	2	0	0.1,,;0.25,,;0.5,,;0.75,,;1,,;5,,;10,,;50	true	OrRd
	undesa_refugees_by_destination_per_1000	Refugees by destination (per capita)	Numeric	per 1,000					Calculated by Our World in Data based on UN DESA	https://www.un.org/development/desa/pd/content/international-migrant-stock	United Nations Department of Economic and Social Affairs (UN DESA)			We provide complete details of our data sources and definitions on our global migration data in our explainer here: https://ourworldindata.org/migration-definition	2	0	1,,;2.5,,;5,,;7.5,,;10,,;12.5,,;15,,;20,,;50	true	YlGnBu
	unhcr_refugees_by_origin_per_1000	Refugees by origin (per capita)	Numeric	per 1,000					Calculated by Our World in Data based on UNHCR	https://www.unhcr.org/refugee-statistics/	United Nations High Commissioner for Refugees (UNHCR)			We provide complete details of our data sources and definitions on our global migration data in our explainer here: https://ourworldindata.org/migration-definition	2	0	1,,;2.5,,;5,,;7.5,,;10,,;12.5,,;15	true	YlOrRd
	unicef_under_eighteen_migrants_by_destination_per_1000	Child migrants (UNICEF, under-18s)	Numeric	per 1,000					Calculated by Our World in Data based on UNICEF	https://data.unicef.org/topic/child-migration-and-displacement/migration/	UNICEF			We provide complete details of our data sources and definitions on our global migration data in our explainer here: https://ourworldindata.org/migration-definition	2	0	1,,;2.5,,;5,,;7.5,,;10,,;12.5,,;15	true	PuBuGn
	unhcr_refugees_by_origin	Refugees by origin	Integer						United Nations High Commissioner for Refugees (UNHCR)	https://www.unhcr.org/refugee-statistics/	United Nations High Commissioner for Refugees (UNHCR)			We provide complete details of our data sources and definitions on our global migration data in our explainer here: https://ourworldindata.org/migration-definition	2	0	1000,,;10000,,;100000,,;500000,,;1000000,,;5000000,,;10000000	true	YlGn
	idmc_total_internal_displacement_disaster	Internal displacement (disaster)	Integer						Internal Displacement Monitoring Centre (IDMC)	https://www.internal-displacement.org/database/displacement-data	Internal Displacement Monitoring Centre (IDMC)			We provide complete details of our data sources and definitions on our global migration data in our explainer here: https://ourworldindata.org/migration-definition	2	0	1000,,;10000,,;100000,,;1000000,,;10000000	true	YlGnBu
	undesa_international_migrants_by_origin	Emigrants	Integer						United Nations Department of Economic and Social Affairs (UN DESA)	https://www.un.org/development/desa/pd/content/international-migrant-stock	United Nations Department of Economic and Social Affairs (UN DESA)			We provide complete details of our data sources and definitions on our global migration data in our explainer here: https://ourworldindata.org/migration-definition	2	0	10000,,;100000,,;1000000,,;5000000,,;10000000,,;50000000,,;100000000	true	YlGnBu
	idmc_annual_internal_displacement_conflict	Annual internal displacement (conflict)	Integer						Calculated by Our World in Data based on IDMC	https://www.internal-displacement.org/database/displacement-data	Internal Displacement Monitoring Centre (IDMC)			We provide complete details of our data sources and definitions on our global migration data in our explainer here: https://ourworldindata.org/migration-definition	2	0	1000,,;10000,,;100000,,;1000000,,;10000000	true	PuBu
	share_idmc_total_internal_displacement_conflict	Internal displacement share (conflict)	Numeric	per 100					Calculated by Our World in Data based on IDMC	https://www.internal-displacement.org/database/displacement-data	Internal Displacement Monitoring Centre (IDMC)			We provide complete details of our data sources and definitions on our global migration data in our explainer here: https://ourworldindata.org/migration-definition	2	0	0.1,,;0.25,,;0.5,,;0.75,,;1,,;5,,;10,,;50	true	OrRd
	unhcr_asylum_seekers_by_origin	Asylum seekers by origin	Integer						United Nations High Commissioner for Refugees (UNHCR)	https://www.unhcr.org/refugee-statistics/	United Nations High Commissioner for Refugees (UNHCR)			We provide complete details of our data sources and definitions on our global migration data in our explainer here: https://ourworldindata.org/migration-definition	2	0	1000,,;10000,,;100000,,;1000000,,;10000000	true	YlOrRd
	undesa_share_of_population_that_are_international_migrants_by_destination	International immigrants (% population)	Percentage	%	%				Calculated by Our World in Data based on UN DESA	https://www.un.org/development/desa/pd/content/international-migrant-stock	United Nations Department of Economic and Social Affairs (UN DESA)			We provide complete details of our data sources and definitions on our global migration data in our explainer here: https://ourworldindata.org/migration-definition	2	0	1,,;2.5,,;5,,;7.5,,;10,,;12.5,,;15,,;20,,;50,,;100	true	GnBu
	undesa_international_migrants_by_destination	International migrants	Integer						United Nations Department of Economic and Social Affairs (UN DESA)	https://www.un.org/development/desa/pd/content/international-migrant-stock	United Nations Department of Economic and Social Affairs (UN DESA)			We provide complete details of our data sources and definitions on our global migration data in our explainer here: https://ourworldindata.org/migration-definition	2	0	10000,,;100000,,;1000000,,;5000000,,;10000000,,;50000000,,;100000000	true	YlGnBu
	idmc_total_internal_displacement_conflict	Internal displacement (conflict)	Integer						Internal Displacement Monitoring Centre (IDMC)	https://www.internal-displacement.org/database/displacement-data	Internal Displacement Monitoring Centre (IDMC)			We provide complete details of our data sources and definitions on our global migration data in our explainer here: https://ourworldindata.org/migration-definition	2	0	1000,,;10000,,;100000,,;1000000,,;10000000	true	PuBu
	unhcr_asylum_seekers_by_destination_per_100000	Asylum seekers by destination (per capita)	Numeric	per 100,000					Calculated by Our World in Data based on UNHCR	https://www.unhcr.org/refugee-statistics/	United Nations High Commissioner for Refugees (UNHCR)			We provide complete details of our data sources and definitions on our global migration data in our explainer here: https://ourworldindata.org/migration-definition	2	0	1,,;2.5,,;5,,;10,,;25,,;50,,;100,,;250,,;500	true	YlGnBu
	unhcr_resettlement_arrivals_by_origin_per_100000	Resettled arrivals by origin (per capita)	Numeric	per 100,000					Calculated by Our World in Data based on UNHCR	https://www.unhcr.org/refugee-statistics/	United Nations High Commissioner for Refugees (UNHCR)			We provide complete details of our data sources and definitions on our global migration data in our explainer here: https://ourworldindata.org/migration-definition	2	0	0.5,,;1,,;2.5,,;5,,;10,,;25,,;50	true	YlOrRd
	idmc_share_annual_internal_displacement_disaster	Annual internal displacement from disaster (%)	Numeric	per 100					Calculated by Our World in Data based on IDMC	https://www.internal-displacement.org/database/displacement-data	Internal Displacement Monitoring Centre (IDMC)			We provide complete details of our data sources and definitions on our global migration data in our explainer here: https://ourworldindata.org/migration-definition	2	0	0.1,,;0.25,,;0.5,,;0.75,,;1,,;5,,;10,,;50	true	OrRd
	undesa_net_migration_rate_per_1000	Net migration rate	Numeric	per 1,000					Calculated by Our World in Data based on UN DESA	https://www.un.org/development/desa/pd/content/international-migrant-stock	United Nations Department of Economic and Social Affairs (UN DESA)			We provide complete details of our data sources and definitions on our global migration data in our explainer here: https://ourworldindata.org/migration-definition	2		-100,,;-10,,;-5,,;-2.5,,;-1,,;0,,;1,,;2.5,,;5,,;10,,;100,,;101	true	PuOr
	wdi_average_cost_sending_remittances_to_country	Remittances cost (to)	Percentage	% of remittances	%				World Bank based on the International Monetary Fund, World Bank and OECD	http://data.worldbank.org/data-catalog/world-development-indicators	World Bank based on the International Monetary Fund, World Bank and OECD			We provide complete details of our data sources and definitions on our global migration data in our explainer here: https://ourworldindata.org/migration-definition	2	0	2.5,,;5,,;10,,;20,,;40	true	Blues
	undesa_child_migrants_by_destination_under_15	Child migrants (UNDESA)	Integer						United Nations Department of Economic and Social Affairs (UN DESA)	https://www.un.org/development/desa/pd/content/international-migrant-stock	United Nations Department of Economic and Social Affairs (UN DESA)			We provide complete details of our data sources and definitions on our global migration data in our explainer here: https://ourworldindata.org/migration-definition	2	0	10000,,;50000,,;100000,,;500000,,;1000000,,;5000000,,;10000000	true	BuPu
	undesa_child_migrants_by_destination_under_15_per_1000	Child migrants per capita (UNDESA)	Numeric	per 1,000					Calculated by Our World in Data based on UN DESA	https://www.un.org/development/desa/pd/content/international-migrant-stock	United Nations Department of Economic and Social Affairs (UN DESA)			We provide complete details of our data sources and definitions on our global migration data in our explainer here: https://ourworldindata.org/migration-definition	2	0	1,,;2.5,,;5,,;7.5,,;10,,;12.5,,;15	true	PuBuGn
	undesa_net_number_of_migrants	Net migration	Integer						United Nations Department of Economic and Social Affairs (UN DESA)	https://www.un.org/development/desa/pd/content/international-migrant-stock	United Nations Department of Economic and Social Affairs (UN DESA)			We provide complete details of our data sources and definitions on our global migration data in our explainer here: https://ourworldindata.org/migration-definition	2		-10000000,,;-1000000,,;-100000,,;-10000,,;-1000,,;0,,;1000,,;10000,,;100000,,;1000000,,;10000000	true	PuOr
	wdi_average_cost_sending_remittances_from_country	Remittances cost (from)	Percentage	% of remittances	%				World Bank based on the International Monetary Fund, World Bank and OECD	http://data.worldbank.org/data-catalog/world-development-indicators	World Bank based on the International Monetary Fund, World Bank and OECD			We provide complete details of our data sources and definitions on our global migration data in our explainer here: https://ourworldindata.org/migration-definition	2	0	2.5,,;5,,;10,,;20,,;40	true	Greens
	undesa_five_year_change_in_international_migrants_by_origin_per_1000	Five-year change emigrants per capita	Numeric	per 1,000					United Nations Department of Economic and Social Affairs (UN DESA)	https://www.un.org/development/desa/pd/content/international-migrant-stock	United Nations Department of Economic and Social Affairs (UN DESA)			We provide complete details of our data sources and definitions on our global migration data in our explainer here: https://ourworldindata.org/migration-definition	2		-10,,;-5,,;-1,,;-0.5,,;-0.1,,;0,,;0.1,,;0.5,,;1,,;5,,;10	true	PuOr
	undesa_share_of_population_that_are_international_migrants_by_origin	International emigrants (% population)	Percentage	%	%				Calculated by Our World in Data based on UN DESA	https://www.un.org/development/desa/pd/content/international-migrant-stock	United Nations Department of Economic and Social Affairs (UN DESA)			We provide complete details of our data sources and definitions on our global migration data in our explainer here: https://ourworldindata.org/migration-definition	2	0	1,,;2.5,,;5,,;7.5,,;10,,;12.5,,;15,,;20,,;50,,;100	true	GnBu
	unhcr_refugees_by_destination_per_1000	Refugees by destination (per capita)	Numeric	per 1,000					Calculated by Our World in Data based on UNHCR	https://www.unhcr.org/refugee-statistics/	United Nations High Commissioner for Refugees (UNHCR)			We provide complete details of our data sources and definitions on our global migration data in our explainer here: https://ourworldindata.org/migration-definition	2	0	1,,;2.5,,;5,,;7.5,,;10,,;12.5,,;15	true	YlOrRd