explorerTitle	Data Explorer: Plastic Waste and Pollution
explorerSubtitle	Explore global data on plastic waste generation, pollution and trade.
isPublished
selection	United States	China	India	Canada	Canada	United Kingdom	Malaysia	Germany
explorerSubtitle
hideAlertBanner
subNavId
wpBlockId	52472
thumbnail	https://owid.cloud/app/uploads/2022/08/Plastic-Waste-Data-Explorer.png
hideAnnotationFieldsInTitle
graphers
		yVariableIds	Metric Dropdown	Sub-metric Dropdown	Per capita Checkbox	Share of world total Checkbox	title	subtitle	note	type	yAxisMin	hasMapTab	yScaleToggle	Source Dropdown	selectedFacetStrategy	tab
		97679	Plastic waste generation	  	false	false	Plastic waste generation	This measures total plastic waste generation prior to management and therefore does not represent the quantity of plastic at risk of polluting waterways, rivers and the ocean environment.		DiscreteBar		true	true	Jambeck et al. (2015)	none	map
		65358	Plastic waste generation		true	false	Plastic waste generation per capita	Daily plastic waste generation per person, measured in kilograms per person per day. This measures total plastic waste generation prior to management and therefore does not represent the quantity of plastic at risk of polluting waterways, rivers and the ocean environment.		DiscreteBar		true	true	Jambeck et al. (2015)	none	map
		814672	Plastic waste generation		false	false	Plastic waste generation	This measures total plastic waste generation prior to management and therefore does not represent the quantity of plastic at risk of polluting waterways, rivers and the ocean environment.	Regional definitions adhere to those specified by the [OECD](#dod:oecd-regions).	StackedArea		false	true	OECD	entity
		146456	Mismanaged waste		false	false	Mismanaged plastic waste	Mismanaged plastic waste includes materials burned in open pits, dumped into seas or open waters, or disposed of in unsanitary landfills and dumpsites.		DiscreteBar		true	true	Meijer et al. (2021)	none	map
		814670	Mismanaged waste		false	false	Mismanaged plastic waste	Mismanaged plastic waste includes materials burned in open pits, dumped into seas or open waters, or disposed of in unsanitary landfills and dumpsites.	Regional definitions adhere to those specified by the [OECD](#dod:oecd-regions).	StackedArea		false	true	OECD	entity
		814676	Mismanaged waste		false	true	Share of global mismanaged plastic waste	Mismanaged plastic waste includes materials burned in open pits, dumped into seas or open waters, or disposed of in unsanitary landfills and dumpsites.	Regional definitions adhere to those specified by the [OECD](#dod:oecd-regions).	StackedArea		false	true	OECD	none
		146459	Mismanaged waste		false	true	Share of global mismanaged plastic waste	Mismanaged plastic waste includes materials burned in open pits, dumped into seas or open waters, or disposed of in unsanitary landfills and dumpsites.		DiscreteBar		true	true	Meijer et al. (2021)		map
		146461	Mismanaged waste		true	false	Mismanaged plastic waste per capita	Mismanaged plastic waste includes materials burned in open pits, dumped into seas or open waters, or disposed of in unsanitary landfills and dumpsites.		DiscreteBar		true	true	Meijer et al. (2021)		map
		146457	Plastic emitted to ocean		false	false	Plastic waste emitted to the ocean	This is an annual estimate of plastic emissions. A country's total does not include waste that is exported overseas, and may be at higher risk of entering the ocean.		DiscreteBar		true	true	Meijer et al. (2021)		map
		146462	Plastic emitted to ocean		true	false	Plastic waste emitted to the ocean per capita	This is an annual estimate of plastic emissions. A country's total does not include waste that is exported overseas, and may be at higher risk of entering the ocean.		DiscreteBar		true	true	Meijer et al. (2021)		map
		146460	Plastic emitted to ocean		false	true	Share of global plastic waste emitted to the ocean, 2019	This is an annual estimate of plastic emissions. A country's total does not include waste that is exported overseas, and may be at higher risk of entering the ocean.		DiscreteBar		true	true	Meijer et al. (2021)		map
		146455	Probability of ocean pollution		false	false	Probability of mismanaged plastic waste being emitted to ocean	Mismanaged plastic waste includes materials burned in open pits, dumped into seas or open waters, or disposed of in unsanitary landfills and dumpsites. A country's total does not include waste that is exported overseas, and may be at higher risk of entering the ocean.		DiscreteBar		true	true	Meijer et al. (2021)		map
		815163	Waste trade	Exports	false	false	Plastic waste exports	Plastic waste that is exported by all modes of transport in a given year, measured in kilograms.		LineChart	0	true	true	United Nations Comtrade Database (2023)		map
		815190	Waste trade	Exports	true	false	Plastic waste exports per capita	Plastic waste that is exported by all modes of transport in a given year, measured in kilograms. Per capita estimates are calculated by dividing by each country's population.		LineChart	0	true	true	United Nations Comtrade Database (2023)		map
		815193	Waste trade	Exports	false	true	Share of global plastic waste exports	The share of the world's plastic exports in a given year.		LineChart	0	true	true	United Nations Comtrade Database (2023)		map
		815161	Waste trade	Imports	false	false	Plastic waste imports	Plastic waste that is imported by all modes of transport in a given year, measured in kilograms.		LineChart	0	true	true	United Nations Comtrade Database (2023)		map
		815189	Waste trade	Imports	true	false	Plastic waste imports per capita	Plastic waste that is imported by all modes of transport in a given year, measured in kilograms. Per capita estimates are calculated by dividing by each country's population.		LineChart	0	true	true	United Nations Comtrade Database (2023)		map
		815192	Waste trade	Imports	false	true	Share of global plastic waste imports	The share of the world's plastic imports in a given year.		LineChart	0	true	true	United Nations Comtrade Database (2023)		map
		815191	Waste trade	Net exports	false	false	Net exports of plastic waste	Net exports of plastic waste are calculated as a country's plastic waste exports minus its imports.	Countries that are net exporters of plastic waste will have a positive value; those that are net importers will have a negative value.	LineChart	0	true	true	United Nations Comtrade Database (2023)		map
		815290	Waste trade	Net exports	true	false	Net exports of plastic waste per capita	Net exports of plastic waste are calculated as a country's plastic waste exports minus its imports.	Countries that are net exporters of plastic waste will have a positive value; those that are net importers will have a negative value.	LineChart	0	true	true	United Nations Comtrade Database (2023)		map
columns
	variableId	tolerance	name	sourceName	colorScaleScheme	colorScaleInvert	colorScaleCategoricalBins	colorScaleNumericBins	unit	shortUnit
	97679			Jambeck et al. (2015)	Reds			1000000;2500000;5000000;10000000;25000000;50000000
	65358			Jambeck et al. (2015)	PuBuGn			0.1;0.2;0.3;0.4;0.5;0.6
	814672			OECD (2023)	YlGn
	146456			Meijer et al. (2021)	OrRd			250000;500000;1000000;2500000;5000000;10000000;10000000
	814670			OECD (2023)
	814676			OECD (2023)
	146459			Meijer et al. (2021)	PuBuGn			0.1;0.5;1;5;10;15
	146461			Meijer et al. (2021)	Reds			1;5;10;15;20;25
	146457			Meijer et al. (2021)	YlOrRd			1000;5000;10000;50000;100000;100000
	146462			Meijer et al. (2021)	OrRd			0.01;0.03;0.1;0.3;1;3
	146460			Meijer et al. (2021)	PuBu			0.1;0.5;1;5;10;50
	146455			Meijer et al. (2021)	OrRd			0.1;0.5;1;5;10
	815163			United Nations Comtrade Database (2023)	BuPu			100;500;1000;5000;10000;50000;100000;500000;500000
	815190			United Nations Comtrade Database (2023)	BuPu			0.1;0.5;1;5;10;50
	815193			United Nations Comtrade Database (2023)	RdPu			0.1;0.5;1;5;10;10
	815161			United Nations Comtrade Database (2023)	PuBuGn			100;500;1000;5000;10000;50000;100000;500000;5000000
	815189			United Nations Comtrade Database (2023)	PuBuGn			0.1;0.5;1;5;10;50
	815192			United Nations Comtrade Database (2023)	RdPu			0.1;0.5;1;5;10;50
	815191			United Nations Comtrade Database (2023)	RdBu			-500000;-100000;-50000;-10000;0;10000;50000;100000;500000;1000000
	815290			United Nations Comtrade Database (2023)	RdBu			-5;-4;-3;-2;-1;0;1;2;3;4;5;5